type,name,values,prefix,postfix,usage count,user addable,template name,,,,,,,,,,,,
checklist,ITP-133-STR-SSB-Structural Concrete,itp,,,,,ITP-133-STR-SSB-Structural Concrete Rev 0,,,,,,,,,,,,
section,Referenced Documentation,,,,,,,,,,,,,,,,,,
checkpoint,Referenced Documentation,,,,,,,,,,,,,,,,,,
label,Document Title: ITP-133-STR-CAMMS-Structural Concrete,,,,,,,,,,,,,,,,,,
label,ITP Description: Structural Concrete,,,,,,,,,,,,,,,,,,
label,Document Number (in Teambinder): MRP-0000-MRPA-ALT-ITP-00XX,,,,,,,,,,,,,,,,,,
label,Discipline (e.g. CIV/STR/RAIL): 133-STR-CAMMS,,,,,,,,,,,,,,,,,,
label,Revision Number: 0,,,,,,,,,,,,,,,,,,
label,Revision Date: 8/02/2024,,,,,,,,,,,,,,,,,,
label,ITP created by: Iyasu Enoro,,,,,,,,,,,,,,,,,,
label,ITP approved for use by: Victor Mira,,,,,,,,,,,,,,,,,,
label,1.1 Non Dependent,,,,,,,,,,,,,,,,,,
label,Reference: VicRoads Section 602 October 2007,,,,,,,,,,,,,,,,,,
label,1.2 Non Dependent,,,,,,,,,,,,,,,,,,
label,Reference: VicRoads Section 610 February 2020,,,,,,,,,,,,,,,,,,
label,1.3 Non Dependent,,,,,,,,,,,,,,,,,,
label,Reference: VicRoads Section 611 November 2018,,,,,,,,,,,,,,,,,,
label,1.4 Non Dependent,,,,,,,,,,,,,,,,,,
label,Reference: VicRoads Section 614 June 2017,,,,,,,,,,,,,,,,,,
label,1.5 Non Dependent,,,,,,,,,,,,,,,,,,
label,Reference: AS3810.1 2018,,,,,,,,,,,,,,,,,,
section,Preliminaries - Materials,,,,,,,,,,,,,,,,,,
checkpoint,2.1 Concrete Mix,,,,,,,,,,,,,,,,,,
label,REFERENCE: 610.07 Table 610.071 IFC Drawings,,,,,,,,,,,,,,,,,,
label,– – – – – – – – – – – – – – – – –,,,,,,,,,,,,,,,,,,
label,ACCEPTANCE CRITERIA: Concrete Mix is Registered with VicRoads.,,,,,,,,,,,,,,,,,,
label,"○ Concrete mix meets strength, grade, and maximum aggregate size as detailed on drawings.",,,,,,,,,,,,,,,,,,
textbox,Enter: Teambinder Material Approval number,,,,,,,,,,,,,,,,,,
label,– – – – – – – – – – – – – – – – –,,,,,,,,,,,,,,,,,,
label,METHOD: Document Review,,,,,,,,,,,,,,,,,,
label,– – – – – – – – – – – – – – – – –,,,,,,,,,,,,,,,,,,
label,"FREQUENCY: Once, for each mix design, 4 weeks prior to placement of concrete ",,,,,,,,,,,,,,,,,,
label,– – – – – – – – – – – – – – – – –,,,,,,,,,,,,,,,,,,
label,CATEGORY: HP,,,,,,,,,,,,,,,,,,
label,– – – – – – – – – – – – – – – – –,,,,,,,,,,,,,,,,,,
label,RESPONSIBILITY: Nominated Authority,,,,,,,,,,,,,,,,,,
label,– – – – – – – – – – – – – – – – –,,,,,,,,,,,,,,,,,,
label,VERIFYING DOCUMENTS: ConQA Hold Point Release,,,,,,,,,,,,,,,,,,
date,Date Completed:,,,,,,,,,,,,,,,,,,
holdpoint,AUTHORITY HOLDPOINT,,,,,,,,,,,,,,,,,,
checkpoint,2.2 ACRS Certification (for Reinforcement),,,,,,,,,,,,,,,,,,
label,REFERENCE: 611.05 (a),,,,,,,,,,,,,,,,,,
label,– – – – – – – – – – – – – – – – –,,,,,,,,,,,,,,,,,,
label,ACCEPTANCE CRITERIA: Current ACRS certification for materials and for bar processing.,,,,,,,,,,,,,,,,,,
label,"Note: ACRS certificate may cover both aspects or be for each separate portion (e.g 1 for the material supplier and another for the bar processor (bending, cropping and delivery)",,,,,,,,,,,,,,,,,,
textbox,Enter: Teambinder Material Approval number,,,,,,,,,,,,,,,,,,
label,– – – – – – – – – – – – – – – – –,,,,,,,,,,,,,,,,,,
label,METHOD: Document Review,,,,,,,,,,,,,,,,,,
label,– – – – – – – – – – – – – – – – –,,,,,,,,,,,,,,,,,,
label,"FREQUENCY: Once for each supplier, 14 days of award of contract",,,,,,,,,,,,,,,,,,
label,– – – – – – – – – – – – – – – – –,,,,,,,,,,,,,,,,,,
label,CATEGORY: HP,,,,,,,,,,,,,,,,,,
label,– – – – – – – – – – – – – – – – –,,,,,,,,,,,,,,,,,,
label,RESPONSIBILITY: Nominated Authority,,,,,,,,,,,,,,,,,,
label,– – – – – – – – – – – – – – – – –,,,,,,,,,,,,,,,,,,
label,VERIFYING DOCUMENTS: This ITP,,,,,,,,,,,,,,,,,,
date,Date Completed:,,,,,,,,,,,,,,,,,,
holdpoint,AUTHORITY HOLDPOINT,,,,,,,,,,,,,,,,,,
checkpoint,2.3 Bar Chairs/Aspros Certification,,,,,,,,,,,,,,,,,,
label,REFERENCE: 610.26 (a),,,,,,,,,,,,,,,,,,
label,– – – – – – – – – – – – – – – – –,,,,,,,,,,,,,,,,,,
label,"ACCEPTANCE CRITERIA: Plastic bar chairs, wheels, and spacers require bi-annual testing to demonstrate suitability to prevent excessive deformation under loads.",,,,,,,,,,,,,,,,,,
label,○ Concrete aspros require annual compressive strength and soluble salt testing is required.,,,,,,,,,,,,,,,,,,
label,○ Relevant test reports demonstrating compliance to this clause shall be submitted for review to the Nominated Authority.,,,,,,,,,,,,,,,,,,
textbox,Enter: Teambinder Material Approval number,,,,,,,,,,,,,,,,,,
label,– – – – – – – – – – – – – – – – –,,,,,,,,,,,,,,,,,,
label,METHOD: Document Review,,,,,,,,,,,,,,,,,,
label,– – – – – – – – – – – – – – – – –,,,,,,,,,,,,,,,,,,
label,"FREQUENCY: Once for each supplier, 14 days prior to placement of reinforcement",,,,,,,,,,,,,,,,,,
label,– – – – – – – – – – – – – – – – –,,,,,,,,,,,,,,,,,,
label,CATEGORY: HP,,,,,,,,,,,,,,,,,,
label,– – – – – – – – – – – – – – – – –,,,,,,,,,,,,,,,,,,
label,RESPONSIBILITY: Nominated Authority,,,,,,,,,,,,,,,,,,
label,– – – – – – – – – – – – – – – – –,,,,,,,,,,,,,,,,,,
label,VERIFYING DOCUMENTS: This ITP,,,,,,,,,,,,,,,,,,
date,Date Completed:,,,,,,,,,,,,,,,,,,
holdpoint,AUTHORITY HOLDPOINT,,,,,,,,,,,,,,,,,,
checkpoint,2.4 Evaporative Retardant,,,,,,,,,,,,,,,,,,
label,REFERENCE: 610.17 (f),,,,,,,,,,,,,,,,,,
label,– – – – – – – – – – – – – – – – –,,,,,,,,,,,,,,,,,,
label,"ACCEPTANCE CRITERIA: Details of evaporative retardant, application procedure (including application rates) to be submitted for review to the Nominated Authority.",,,,,,,,,,,,,,,,,,
textbox,Enter: Teambinder Material Approval number,,,,,,,,,,,,,,,,,,
label,– – – – – – – – – – – – – – – – –,,,,,,,,,,,,,,,,,,
label,METHOD: Document Review,,,,,,,,,,,,,,,,,,
label,– – – – – – – – – – – – – – – – –,,,,,,,,,,,,,,,,,,
label,"FREQUENCY: Once, for each product, 4 weeks prior to placement of concrete",,,,,,,,,,,,,,,,,,
label,– – – – – – – – – – – – – – – – –,,,,,,,,,,,,,,,,,,
label,CATEGORY: HP,,,,,,,,,,,,,,,,,,
label,– – – – – – – – – – – – – – – – –,,,,,,,,,,,,,,,,,,
label,RESPONSIBILITY: Nominated Authority,,,,,,,,,,,,,,,,,,
label,– – – – – – – – – – – – – – – – –,,,,,,,,,,,,,,,,,,
label,VERIFYING DOCUMENTS: This ITP,,,,,,,,,,,,,,,,,,
date,Date Completed:,,,,,,,,,,,,,,,,,,
holdpoint,AUTHORITY HOLDPOINT,,,,,,,,,,,,,,,,,,
checkpoint,2.5 Curing Compound,,,,,,,,,,,,,,,,,,
label,REFERENCE: 610.23 (d),,,,,,,,,,,,,,,,,,
label,– – – – – – – – – – – – – – – – –,,,,,,,,,,,,,,,,,,
label,"ACCEPTANCE CRITERIA: Details of curing compound and NATA test certificate stating compliance with AS3799 no more than 3 years from issue, to be submitted for review to the Nominated Authority.",,,,,,,,,,,,,,,,,,
textbox,Enter: Teambinder Material Approval number,,,,,,,,,,,,,,,,,,
label,– – – – – – – – – – – – – – – – –,,,,,,,,,,,,,,,,,,
label,METHOD: Document Review,,,,,,,,,,,,,,,,,,
label,– – – – – – – – – – – – – – – – –,,,,,,,,,,,,,,,,,,
label,"FREQUENCY: Once, for each product, 4 weeks prior to placement of concrete",,,,,,,,,,,,,,,,,,
label,– – – – – – – – – – – – – – – – –,,,,,,,,,,,,,,,,,,
label,CATEGORY: HP,,,,,,,,,,,,,,,,,,
label,– – – – – – – – – – – – – – – – –,,,,,,,,,,,,,,,,,,
label,RESPONSIBILITY: Nominated Authority,,,,,,,,,,,,,,,,,,
label,– – – – – – – – – – – – – – – – –,,,,,,,,,,,,,,,,,,
label,VERIFYING DOCUMENTS: This ITP,,,,,,,,,,,,,,,,,,
date,Date Completed:,,,,,,,,,,,,,,,,,,
holdpoint,AUTHORITY HOLDPOINT,,,,,,,,,,,,,,,,,,
section,Preliminaries - Procedures & Documentation,,,,,,,,,,,,,,,,,,
checkpoint,3.1 Concrete Placement and Compaction Work Method Statements,,,,,,,,,,,,,,,,,,
label,REFERENCE: 610.18 (a) (i),,,,,,,,,,,,,,,,,,
label,– – – – – – – – – – – – – – – – –,,,,,,,,,,,,,,,,,,
label,ACCEPTANCE CRITERIA: Concrete placement and compaction WMS to be submitted for review to the Nominated Authority.,,,,,,,,,,,,,,,,,,
textbox,Enter: Teambinder Approval number,,,,,,,,,,,,,,,,,,
label,– – – – – – – – – – – – – – – – –,,,,,,,,,,,,,,,,,,
label,METHOD: Document Review,,,,,,,,,,,,,,,,,,
label,– – – – – – – – – – – – – – – – –,,,,,,,,,,,,,,,,,,
label,"FREQUENCY: Once, 4 weeks prior to placement of concrete",,,,,,,,,,,,,,,,,,
label,– – – – – – – – – – – – – – – – –,,,,,,,,,,,,,,,,,,
label,CATEGORY: HP,,,,,,,,,,,,,,,,,,
label,– – – – – – – – – – – – – – – – –,,,,,,,,,,,,,,,,,,
label,RESPONSIBILITY: Nominated Authority,,,,,,,,,,,,,,,,,,
label,– – – – – – – – – – – – – – – – –,,,,,,,,,,,,,,,,,,
label,VERIFYING DOCUMENTS: ConQA Hold Point Release,,,,,,,,,,,,,,,,,,
date,Date Completed:,,,,,,,,,,,,,,,,,,
holdpoint,AUTHORITY HOLDPOINT,,,,,,,,,,,,,,,,,,
checkpoint,3.2 Concrete Sampling and Testing Procedure,,,,,,,,,,,,,,,,,,
label,REFERENCE: 610.18 (a) (v),,,,,,,,,,,,,,,,,,
label,– – – – – – – – – – – – – – – – –,,,,,,,,,,,,,,,,,,
label,ACCEPTANCE CRITERIA: Concrete sampling and testing procedure to be submitted for review to the Nominated Authority.,,,,,,,,,,,,,,,,,,
textbox,Enter: Teambinder Approval number,,,,,,,,,,,,,,,,,,
label,– – – – – – – – – – – – – – – – –,,,,,,,,,,,,,,,,,,
label,METHOD: Document Review,,,,,,,,,,,,,,,,,,
label,– – – – – – – – – – – – – – – – –,,,,,,,,,,,,,,,,,,
label,"FREQUENCY: Once, 4 weeks prior to placement of concrete",,,,,,,,,,,,,,,,,,
label,– – – – – – – – – – – – – – – – –,,,,,,,,,,,,,,,,,,
label,CATEGORY: HP,,,,,,,,,,,,,,,,,,
label,– – – – – – – – – – – – – – – – –,,,,,,,,,,,,,,,,,,
label,RESPONSIBILITY: Nominated Authority,,,,,,,,,,,,,,,,,,
label,– – – – – – – – – – – – – – – – –,,,,,,,,,,,,,,,,,,
label,VERIFYING DOCUMENTS: ConQA Hold Point Release,,,,,,,,,,,,,,,,,,
date,Date Completed:,,,,,,,,,,,,,,,,,,
holdpoint,AUTHORITY HOLDPOINT,,,,,,,,,,,,,,,,,,
checkpoint,3.3 Concrete Placement and Compaction Toolbox Meeting,,,,,,,,,,,,,,,,,,
label,REFERENCE: 610.18 (a) (iv),,,,,,,,,,,,,,,,,,
label,– – – – – – – – – – – – – – – – –,,,,,,,,,,,,,,,,,,
label,ACCEPTANCE CRITERIA: Concrete placement and compaction toolbox meeting held to discuss the quality requirements.,,,,,,,,,,,,,,,,,,
label,○ Minutes of this meeting to be submitted to the Nominated Authority.,,,,,,,,,,,,,,,,,,
textbox,Enter: Teambinder Approval number,,,,,,,,,,,,,,,,,,
label,– – – – – – – – – – – – – – – – –,,,,,,,,,,,,,,,,,,
label,METHOD: Document Review,,,,,,,,,,,,,,,,,,
label,– – – – – – – – – – – – – – – – –,,,,,,,,,,,,,,,,,,
label,"FREQUENCY: Once, 4 weeks prior to placement of concrete",,,,,,,,,,,,,,,,,,
label,– – – – – – – – – – – – – – – – –,,,,,,,,,,,,,,,,,,
label,CATEGORY: HP,,,,,,,,,,,,,,,,,,
label,– – – – – – – – – – – – – – – – –,,,,,,,,,,,,,,,,,,
label,RESPONSIBILITY: Nominated Authority,,,,,,,,,,,,,,,,,,
label,– – – – – – – – – – – – – – – – –,,,,,,,,,,,,,,,,,,
label,VERIFYING DOCUMENTS: ConQA Hold Point Release,,,,,,,,,,,,,,,,,,
date,Date Completed:,,,,,,,,,,,,,,,,,,
holdpoint,AUTHORITY HOLDPOINT,,,,,,,,,,,,,,,,,,
checkpoint,3.4 Hot and/or Cold Weather Concreting Procedure,,,,,,,,,,,,,,,,,,
label,REFERENCE: 610.17 (a),,,,,,,,,,,,,,,,,,
label,– – – – – – – – – – – – – – – – –,,,,,,,,,,,,,,,,,,
label,ACCEPTANCE CRITERIA: Hot and/or cold weather concreting procedure to be submitted for review to the Nominated Authority.,,,,,,,,,,,,,,,,,,
textbox,Enter: Teambinder Approval number,,,,,,,,,,,,,,,,,,
label,– – – – – – – – – – – – – – – – –,,,,,,,,,,,,,,,,,,
label,METHOD: Document Review,,,,,,,,,,,,,,,,,,
label,– – – – – – – – – – – – – – – – –,,,,,,,,,,,,,,,,,,
label,"FREQUENCY: Once, 2 weeks prior to placement of concrete",,,,,,,,,,,,,,,,,,
label,– – – – – – – – – – – – – – – – –,,,,,,,,,,,,,,,,,,
label,CATEGORY: HP,,,,,,,,,,,,,,,,,,
label,– – – – – – – – – – – – – – – – –,,,,,,,,,,,,,,,,,,
label,RESPONSIBILITY: Nominated Authority,,,,,,,,,,,,,,,,,,
label,– – – – – – – – – – – – – – – – –,,,,,,,,,,,,,,,,,,
label,VERIFYING DOCUMENTS: This ITP,,,,,,,,,,,,,,,,,,
date,Date Completed:,,,,,,,,,,,,,,,,,,
holdpoint,AUTHORITY HOLDPOINT,,,,,,,,,,,,,,,,,,
checkpoint,3.5 Curing Methodology (for Concrete and Grout),,,,,,,,,,,,,,,,,,
label,REFERENCE: 610.23 (a),,,,,,,,,,,,,,,,,,
label,– – – – – – – – – – – – – – – – –,,,,,,,,,,,,,,,,,,
label,ACCEPTANCE CRITERIA: Curing methodology/procedure to be submitted for review to the Nominated Authority.,,,,,,,,,,,,,,,,,,
textbox,Enter: Teambinder Approval number,,,,,,,,,,,,,,,,,,
label,– – – – – – – – – – – – – – – – –,,,,,,,,,,,,,,,,,,
label,METHOD: Document Review,,,,,,,,,,,,,,,,,,
label,– – – – – – – – – – – – – – – – –,,,,,,,,,,,,,,,,,,
label,"FREQUENCY: Once, 4 weeks prior to placement of concrete",,,,,,,,,,,,,,,,,,
label,– – – – – – – – – – – – – – – – –,,,,,,,,,,,,,,,,,,
label,CATEGORY: HP,,,,,,,,,,,,,,,,,,
label,– – – – – – – – – – – – – – – – –,,,,,,,,,,,,,,,,,,
label,RESPONSIBILITY: Nominated Authority,,,,,,,,,,,,,,,,,,
label,– – – – – – – – – – – – – – – – –,,,,,,,,,,,,,,,,,,
label,VERIFYING DOCUMENTS: ConQA Hold Point Release,,,,,,,,,,,,,,,,,,
date,Date Completed:,,,,,,,,,,,,,,,,,,
holdpoint,AUTHORITY HOLDPOINT,,,,,,,,,,,,,,,,,,
checkpoint,3.6 Concrete Drilling Procedure,,,,,,,,,,,,,,,,,,
label,REFERENCE: 610.46,,,,,,,,,,,,,,,,,,
label,– – – – – – – – – – – – – – – – –,,,,,,,,,,,,,,,,,,
label,"ACCEPTANCE CRITERIA: Where holes are to be drilled into existing (new or old) concrete members, the locations shall positioned to avoid striking any existing reinforcing bars, tendons and services.",,,,,,,,,,,,,,,,,,
label,○ The planned locations and drilling procedure shall be submitted for review to the Nominated Authority.,,,,,,,,,,,,,,,,,,
textbox,Enter: Teambinder Approval number,,,,,,,,,,,,,,,,,,
label,– – – – – – – – – – – – – – – – –,,,,,,,,,,,,,,,,,,
label,METHOD: Document Review,,,,,,,,,,,,,,,,,,
label,– – – – – – – – – – – – – – – – –,,,,,,,,,,,,,,,,,,
label,"FREQUENCY: Where applicable, once, 2 days prior to drilling",,,,,,,,,,,,,,,,,,
label,– – – – – – – – – – – – – – – – –,,,,,,,,,,,,,,,,,,
label,CATEGORY: HP,,,,,,,,,,,,,,,,,,
label,– – – – – – – – – – – – – – – – –,,,,,,,,,,,,,,,,,,
label,RESPONSIBILITY: Nominated Authority,,,,,,,,,,,,,,,,,,
label,– – – – – – – – – – – – – – – – –,,,,,,,,,,,,,,,,,,
label,VERIFYING DOCUMENTS: ConQA Hold Point Release,,,,,,,,,,,,,,,,,,
date,Date Completed:,,,,,,,,,,,,,,,,,,
holdpoint,AUTHORITY HOLDPOINT,,,,,,,,,,,,,,,,,,
checkpoint,3.7 Temprature difference measuring-Calibration,,,,,,,,,,,,,,,,,,
label,REFERENCE: MRPA Quality Management Plan,,,,,,,,,,,,,,,,,,
label,– – – – – – – – – – – – – – – – –,,,,,,,,,,,,,,,,,,
label,ACCEPTANCE CRITERIA: Calibration records are valid and up to date.,,,,,,,,,,,,,,,,,,
label,Attach: Calibration certificate,,,,,,,,,,,,,,,,,,
label,– – – – – – – – – – – – – – – – –,,,,,,,,,,,,,,,,,,
label,METHOD: Document review,,,,,,,,,,,,,,,,,,
label,– – – – – – – – – – – – – – – – –,,,,,,,,,,,,,,,,,,
label,FREQUENCY: Where applicable,,,,,,,,,,,,,,,,,,
label,– – – – – – – – – – – – – – – – –,,,,,,,,,,,,,,,,,,
label,CATEGORY: HP*,,,,,,,,,,,,,,,,,,
label,– – – – – – – – – – – – – – – – –,,,,,,,,,,,,,,,,,,
label,RESPONSIBILITY: PE,,,,,,,,,,,,,,,,,,
label,– – – – – – – – – – – – – – – – –,,,,,,,,,,,,,,,,,,
label,"VERIFYING DOCUMENTS: This ITP, Attached calibration certificate",,,,,,,,,,,,,,,,,,
date,Date Completed:,,,,,,,,,,,,,,,,,,
section,Pre-construction Activities,,,,,,,,,,,,,,,,,,
checkpoint,4.1 IFC Drawings,,,,,,,,,,,,,,,,,,
label,REFERENCE: MRPA Quality Management Plan,,,,,,,,,,,,,,,,,,
label,– – – – – – – – – – – – – – – – –,,,,,,,,,,,,,,,,,,
label,ACCEPTANCE CRITERIA: Check the revision of the IFC drawings are current as per the drawing register (on Teambinder),,,,,,,,,,,,,,,,,,
label,– – – – – – – – – – – – – – – – –,,,,,,,,,,,,,,,,,,
label,METHOD: Document Review,,,,,,,,,,,,,,,,,,
label,– – – – – – – – – – – – – – – – –,,,,,,,,,,,,,,,,,,
label,FREQUENCY: Prior to starting Works and at regular intervals,,,,,,,,,,,,,,,,,,
label,– – – – – – – – – – – – – – – – –,,,,,,,,,,,,,,,,,,
label,CATEGORY: HP*,,,,,,,,,,,,,,,,,,
label,– – – – – – – – – – – – – – – – –,,,,,,,,,,,,,,,,,,
label,RESPONSIBILITY: All,,,,,,,,,,,,,,,,,,
label,– – – – – – – – – – – – – – – – –,,,,,,,,,,,,,,,,,,
label,VERIFYING DOCUMENTS: This ITP,,,,,,,,,,,,,,,,,,
date,Date Completed:,,,,,,,,,,,,,,,,,,
checkpoint,4.2 Survey Set-out,,,,,,,,,,,,,,,,,,
label,REFERENCE: IFC Drawings 610.47 (a) Table 610.472,,,,,,,,,,,,,,,,,,
label,– – – – – – – – – – – – – – – – –,,,,,,,,,,,,,,,,,,
label,ACCEPTANCE CRITERIA: Survey activities undertaken to ensure and validate that all Works meet level and location requirements within the tolerances as per the table 610.462 as applicable to the element.,,,,,,,,,,,,,,,,,,
label,"Attach: Lot Map, Marked up drawing which shows the Lot Location and extent",,,,,,,,,,,,,,,,,,
label,– – – – – – – – – – – – – – – – –,,,,,,,,,,,,,,,,,,
label,"METHOD: Measure, Visual",,,,,,,,,,,,,,,,,,
label,– – – – – – – – – – – – – – – – –,,,,,,,,,,,,,,,,,,
label,FREQUENCY: Each element,,,,,,,,,,,,,,,,,,
label,– – – – – – – – – – – – – – – – –,,,,,,,,,,,,,,,,,,
label,CATEGORY: IP,,,,,,,,,,,,,,,,,,
label,– – – – – – – – – – – – – – – – –,,,,,,,,,,,,,,,,,,
label,"RESPONSIBILITY: Surveyor, SE/PE",,,,,,,,,,,,,,,,,,
label,– – – – – – – – – – – – – – – – –,,,,,,,,,,,,,,,,,,
label,VERIFYING DOCUMENTS: This ITP,,,,,,,,,,,,,,,,,,
date,Date Completed:,,,,,,,,,,,,,,,,,,
checkpoint,4.3 Excavation support,,,,,,,,,,,,,,,,,,
label,REFERENCE: 602.02,,,,,,,,,,,,,,,,,,
label,– – – – – – – – – – – – – – – – –,,,,,,,,,,,,,,,,,,
label,"ACCEPTANCE CRITERIA: For excavations adjacent to railway property, alongside roadways, in or alongside waterways, and excavations deeper than 1.5 m, the Contractor shall submit to the Nominated Authority for review detailed drawings of bracing and/or sheeting proposals, including design calculations and methods of construction and removal.",,,,,,,,,,,,,,,,,,
textbox,Enter: Teambinder Approval number,,,,,,,,,,,,,,,,,,
label,– – – – – – – – – – – – – – – – –,,,,,,,,,,,,,,,,,,
label,METHOD: Document Review,,,,,,,,,,,,,,,,,,
label,– – – – – – – – – – – – – – – – –,,,,,,,,,,,,,,,,,,
label,"FREQUENCY: Where applicable, not less than 10 business days prior to excavation",,,,,,,,,,,,,,,,,,
label,– – – – – – – – – – – – – – – – –,,,,,,,,,,,,,,,,,,
label,CATEGORY: WP,,,,,,,,,,,,,,,,,,
label,– – – – – – – – – – – – – – – – –,,,,,,,,,,,,,,,,,,
label,RESPONSIBILITY: SE/PE/SPE,,,,,,,,,,,,,,,,,,
label,– – – – – – – – – – – – – – – – –,,,,,,,,,,,,,,,,,,
label,VERIFYING DOCUMENTS: ConQA Hold Point Release,,,,,,,,,,,,,,,,,,
date,Date Completed:,,,,,,,,,,,,,,,,,,
checkpoint,4.4 Excavation Inspection,,,,,,,,,,,,,,,,,,
label,REFERENCE: 602.03,,,,,,,,,,,,,,,,,,
label,– – – – – – – – – – – – – – – – –,,,,,,,,,,,,,,,,,,
label,ACCEPTANCE CRITERIA: Blinding concrete shall not be placed until the bottom of the excavation has been reviewed by the Nominated Authority.,,,,,,,,,,,,,,,,,,
label,– – – – – – – – – – – – – – – – –,,,,,,,,,,,,,,,,,,
label,METHOD: Visual,,,,,,,,,,,,,,,,,,
label,– – – – – – – – – – – – – – – – –,,,,,,,,,,,,,,,,,,
label,"FREQUENCY: Where applicable, prior to placing blinding concrete",,,,,,,,,,,,,,,,,,
label,– – – – – – – – – – – – – – – – –,,,,,,,,,,,,,,,,,,
label,CATEGORY: HP,,,,,,,,,,,,,,,,,,
label,– – – – – – – – – – – – – – – – –,,,,,,,,,,,,,,,,,,
label,RESPONSIBILITY: Nominated Authority,,,,,,,,,,,,,,,,,,
label,– – – – – – – – – – – – – – – – –,,,,,,,,,,,,,,,,,,
label,VERIFYING DOCUMENTS: ConQA Hold Point Release,,,,,,,,,,,,,,,,,,
date,Date Completed:,,,,,,,,,,,,,,,,,,
holdpoint,AUTHORITY HOLDPOINT,,,,,,,,,,,,,,,,,,
section,Construction Activities,,,,,,,,,,,,,,,,,,
checkpoint,5.1 Formwork Design and Construction ,,,,,,,,,,,,,,,,,,
label,"REFERENCE: IFC Drawings 614.04, 614.05, 614.06",,,,,,,,,,,,,,,,,,
label,– – – – – – – – – – – – – – – – –,,,,,,,,,,,,,,,,,,
label,ACCEPTANCE CRITERIA: Designed and constructed in such a manner so it can be removed without damage to the concrete.,,,,,,,,,,,,,,,,,,
label,"○ Formwork to be rigid, watertight, braced, tied together & selected to achieve the required surface finish.",,,,,,,,,,,,,,,,,,
label,○ Formwork shall not be placed where steel & fixtures cannot be inspected.,,,,,,,,,,,,,,,,,,
label,– – – – – – – – – – – – – – – – –,,,,,,,,,,,,,,,,,,
label,"METHOD: Document Review, Visual, Measure",,,,,,,,,,,,,,,,,,
label,– – – – – – – – – – – – – – – – –,,,,,,,,,,,,,,,,,,
label,FREQUENCY: Each type of element,,,,,,,,,,,,,,,,,,
label,– – – – – – – – – – – – – – – – –,,,,,,,,,,,,,,,,,,
label,CATEGORY: IP,,,,,,,,,,,,,,,,,,
label,– – – – – – – – – – – – – – – – –,,,,,,,,,,,,,,,,,,
label,"RESPONSIBILITY: Temporary Works Designer, Proof Engineer, SE/PE/SPE",,,,,,,,,,,,,,,,,,
label,– – – – – – – – – – – – – – – – –,,,,,,,,,,,,,,,,,,
label,VERIFYING DOCUMENTS: This ITP,,,,,,,,,,,,,,,,,,
date,Date Completed:,,,,,,,,,,,,,,,,,,
checkpoint,5.2 Formwork Certification - Formwork Inspection (Members Greater than 2m),,,,,,,,,,,,,,,,,,
label,REFERENCE: 614.08,,,,,,,,,,,,,,,,,,
label,– – – – – – – – – – – – – – – – –,,,,,,,,,,,,,,,,,,
label,ACCEPTANCE CRITERIA: The application of any load shall not proceed until the Certificate of Compliance - Formwork Inspection of the constructed formwork has been reviewed by the Nominated Authority,,,,,,,,,,,,,,,,,,
label,○ Walls with heights greater than 2.0 metres,,,,,,,,,,,,,,,,,,
label,○ Any member for which self-compacting concrete is proposed.,,,,,,,,,,,,,,,,,,
label,Attach: Attachment A,,,,,,,,,,,,,,,,,,
label,Attach: Attachment B,,,,,,,,,,,,,,,,,,
label,– – – – – – – – – – – – – – – – –,,,,,,,,,,,,,,,,,,
label,"METHOD: Document Review, Visual, Measure",,,,,,,,,,,,,,,,,,
label,– – – – – – – – – – – – – – – – –,,,,,,,,,,,,,,,,,,
label,FREQUENCY: Each element (where greater than 2m),,,,,,,,,,,,,,,,,,
label,– – – – – – – – – – – – – – – – –,,,,,,,,,,,,,,,,,,
label,CATEGORY: HP,,,,,,,,,,,,,,,,,,
label,– – – – – – – – – – – – – – – – –,,,,,,,,,,,,,,,,,,
label,"RESPONSIBILITY: Temporary Works Designer, Proof Engineer",,,,,,,,,,,,,,,,,,
label,– – – – – – – – – – – – – – – – –,,,,,,,,,,,,,,,,,,
label,VERIFYING DOCUMENTS: ConQA Hold Point Release,,,,,,,,,,,,,,,,,,
date,Date Completed:,,,,,,,,,,,,,,,,,,
holdpoint,AUTHORITY HOLDPOINT,,,,,,,,,,,,,,,,,,
checkpoint,5.3 Formwork Certification - Formwork Inspection (Members Less than or Equal to 2m),,,,,,,,,,,,,,,,,,
label,REFERENCE: 614.08,,,,,,,,,,,,,,,,,,
label,– – – – – – – – – – – – – – – – –,,,,,,,,,,,,,,,,,,
label,ACCEPTANCE CRITERIA: The application of any load shall not proceed until the Certificate of Compliance - Formwork Inspection of the constructed formwork has been reviewed by the Nominated Authority,,,,,,,,,,,,,,,,,,
label,○ Walls with heights less than 2.0 metres,,,,,,,,,,,,,,,,,,
label,Attach: Attachment C,,,,,,,,,,,,,,,,,,
label,– – – – – – – – – – – – – – – – –,,,,,,,,,,,,,,,,,,
label,"METHOD: Document Review, Visual, Measure",,,,,,,,,,,,,,,,,,
label,– – – – – – – – – – – – – – – – –,,,,,,,,,,,,,,,,,,
label,FREQUENCY: Each element (where 2m or less),,,,,,,,,,,,,,,,,,
label,– – – – – – – – – – – – – – – – –,,,,,,,,,,,,,,,,,,
label,CATEGORY: HP,,,,,,,,,,,,,,,,,,
label,– – – – – – – – – – – – – – – – –,,,,,,,,,,,,,,,,,,
label,"RESPONSIBILITY: Temporary Works Designer, Proof Engineer",,,,,,,,,,,,,,,,,,
label,– – – – – – – – – – – – – – – – –,,,,,,,,,,,,,,,,,,
label,VERIFYING DOCUMENTS: ConQA Hold Point Release,,,,,,,,,,,,,,,,,,
date,Date Completed:,,,,,,,,,,,,,,,,,,
holdpoint,AUTHORITY HOLDPOINT,,,,,,,,,,,,,,,,,,
checkpoint,5.4 Pre-pour Survey,,,,,,,,,,,,,,,,,,
label,REFERENCE: 610.47 (a) Table 610.472,,,,,,,,,,,,,,,,,,
label,– – – – – – – – – – – – – – – – –,,,,,,,,,,,,,,,,,,
label,ACCEPTANCE CRITERIA: A pre-pour survey carried out by a surveyor.,,,,,,,,,,,,,,,,,,
label,○ Erected formwork within the tolerances as per the table 610.462 as applicable to the element.,,,,,,,,,,,,,,,,,,
label,– – – – – – – – – – – – – – – – –,,,,,,,,,,,,,,,,,,
label,"METHOD: Measure, Visual",,,,,,,,,,,,,,,,,,
label,– – – – – – – – – – – – – – – – –,,,,,,,,,,,,,,,,,,
label,FREQUENCY: Each element,,,,,,,,,,,,,,,,,,
label,– – – – – – – – – – – – – – – – –,,,,,,,,,,,,,,,,,,
label,CATEGORY: HP*,,,,,,,,,,,,,,,,,,
label,– – – – – – – – – – – – – – – – –,,,,,,,,,,,,,,,,,,
label,"RESPONSIBILITY: Surveyor, SE/PE/SPE",,,,,,,,,,,,,,,,,,
label,– – – – – – – – – – – – – – – – –,,,,,,,,,,,,,,,,,,
label,VERIFYING DOCUMENTS: This ITP,,,,,,,,,,,,,,,,,,
date,Date Completed:,,,,,,,,,,,,,,,,,,
checkpoint,5.5 Reinforcement Placement,,,,,,,,,,,,,,,,,,
label,"REFERENCE: IFC Drawings 611.06, 611.09, 611.10, 611.11, 611.12",,,,,,,,,,,,,,,,,,
label,– – – – – – – – – – – – – – – – –,,,,,,,,,,,,,,,,,,
label,"ACCEPTANCE CRITERIA: The correct reinforcement grade, quantity, size, orientation, location and spacing as shown on the structural drawings.",,,,,,,,,,,,,,,,,,
label,○ Projecting reinforcement is the correct length and location.,,,,,,,,,,,,,,,,,,
label,○ Splice lengths achieve the minimum length and are in contact for this length.,,,,,,,,,,,,,,,,,,
label,"○ The reinforcement surface condition is free from dirt, debris and damage.",,,,,,,,,,,,,,,,,,
label,○ The resulting cage securely held with sufficient ties to limit displacement or deformation during the concrete pour.,,,,,,,,,,,,,,,,,,
label,○ Minimum cover as shown on the structural drawings for each face has been achieved (including tie wire locations).,,,,,,,,,,,,,,,,,,
label,– – – – – – – – – – – – – – – – –,,,,,,,,,,,,,,,,,,
label,"METHOD: Measure, Visual",,,,,,,,,,,,,,,,,,
label,– – – – – – – – – – – – – – – – –,,,,,,,,,,,,,,,,,,
label,FREQUENCY: Each element,,,,,,,,,,,,,,,,,,
label,– – – – – – – – – – – – – – – – –,,,,,,,,,,,,,,,,,,
label,CATEGORY: IP,,,,,,,,,,,,,,,,,,
label,– – – – – – – – – – – – – – – – –,,,,,,,,,,,,,,,,,,
label,"RESPONSIBILITY: Foreman, SE/PE/SPE",,,,,,,,,,,,,,,,,,
label,– – – – – – – – – – – – – – – – –,,,,,,,,,,,,,,,,,,
label,VERIFYING DOCUMENTS: This ITP,,,,,,,,,,,,,,,,,,
date,Date Completed:,,,,,,,,,,,,,,,,,,
checkpoint,5.6 Cast-in Items,,,,,,,,,,,,,,,,,,
label,REFERENCE: IFC Drawings 610.47 (a) Table 610.472 AS3810.1 Table 3.3.6.2,,,,,,,,,,,,,,,,,,
label,– – – – – – – – – – – – – – – – –,,,,,,,,,,,,,,,,,,
label,"ACCEPTANCE CRITERIA: All cast-in items are the correct type, grade, quantity, size, orientation and location as shown on the structural drawings and are securely fastened or restrained to withstand impact and pressure during the concreting operations to prevent dislodgement.",,,,,,,,,,,,,,,,,,
label,"○ Any exposed threads, conduits, ducts or voids shall be protected by suitable means to prevent concrete or grout ingress.",,,,,,,,,,,,,,,,,,
label,○ Tack welding of any cast-in items shall be performed by someone pre-qualified to do so.,,,,,,,,,,,,,,,,,,
label,○ Grout tubes shall be fastened at regular intervals to prevent kinking.,,,,,,,,,,,,,,,,,,
label,"Placement tolerances to comply with the IFC drawings, if not specified, use the following:",,,,,,,,,,,,,,,,,,
label,"i. Bolts, ferrules, projecting bars & couplers = ±3mm",,,,,,,,,,,,,,,,,,
label,ii. Running dimensions of a group of the above = ±6mm,,,,,,,,,,,,,,,,,,
label,iii. Ducts and conduit location = ±12mm,,,,,,,,,,,,,,,,,,
label,iv. Diameter of ducts and conduits = ±3mm,,,,,,,,,,,,,,,,,,
label,– – – – – – – – – – – – – – – – –,,,,,,,,,,,,,,,,,,
label,"METHOD: Measure, Visual",,,,,,,,,,,,,,,,,,
label,– – – – – – – – – – – – – – – – –,,,,,,,,,,,,,,,,,,
label,"FREQUENCY: Where applicable, each element",,,,,,,,,,,,,,,,,,
label,– – – – – – – – – – – – – – – – –,,,,,,,,,,,,,,,,,,
label,CATEGORY: IP,,,,,,,,,,,,,,,,,,
label,– – – – – – – – – – – – – – – – –,,,,,,,,,,,,,,,,,,
label,"RESPONSIBILITY: Foreman, SE/PE/SPE",,,,,,,,,,,,,,,,,,
label,– – – – – – – – – – – – – – – – –,,,,,,,,,,,,,,,,,,
label,VERIFYING DOCUMENTS: This ITP,,,,,,,,,,,,,,,,,,
date,Date Completed:,,,,,,,,,,,,,,,,,,
checkpoint,5.7 Thermal Differential Monitoring,,,,,,,,,,,,,,,,,,
label,REFERENCE: 610.22,,,,,,,,,,,,,,,,,,
label,– – – – – – – – – – – – – – – – –,,,,,,,,,,,,,,,,,,
label,ACCEPTANCE CRITERIA: Thermal differential monitoring thermocouples installed.,,,,,,,,,,,,,,,,,,
label,Only applicable if the element has:,,,,,,,,,,,,,,,,,,
label,i. the smallest sectional dimension exceeding 500mm,,,,,,,,,,,,,,,,,,
label,ii. one or more faces being restrained by previously hardened concrete or other external constraints,,,,,,,,,,,,,,,,,,
label,– – – – – – – – – – – – – – – – –,,,,,,,,,,,,,,,,,,
label,METHOD: Measure,,,,,,,,,,,,,,,,,,
label,– – – – – – – – – – – – – – – – –,,,,,,,,,,,,,,,,,,
label,"FREQUENCY: Where applicable, each element",,,,,,,,,,,,,,,,,,
label,– – – – – – – – – – – – – – – – –,,,,,,,,,,,,,,,,,,
label,CATEGORY: IP,,,,,,,,,,,,,,,,,,
label,– – – – – – – – – – – – – – – – –,,,,,,,,,,,,,,,,,,
label,"RESPONSIBILITY: Foreman, SE/PE/SPE",,,,,,,,,,,,,,,,,,
label,– – – – – – – – – – – – – – – – –,,,,,,,,,,,,,,,,,,
label,VERIFYING DOCUMENTS: This ITP,,,,,,,,,,,,,,,,,,
date,Date Completed:,,,,,,,,,,,,,,,,,,
checkpoint,5.8 Pre-pour Inspection,,,,,,,,,,,,,,,,,,
label,REFERENCE: IFC Drawings 610.18 (a) (ii) & (iii),,,,,,,,,,,,,,,,,,
label,– – – – – – – – – – – – – – – – –,,,,,,,,,,,,,,,,,,
label,"ACCEPTANCE CRITERIA: Evidence that the forms, reinforcement, electrical continuity and other cast-in items conforming to the requirements of this specification and the drawings has been reviewed by the Nominated Authority",,,,,,,,,,,,,,,,,,
label,○ All foreign material has been completely removed from the forms.,,,,,,,,,,,,,,,,,,
label,ATTACH: Pre-Pour Checklist,,,,,,,,,,,,,,,,,,
label,– – – – – – – – – – – – – – – – –,,,,,,,,,,,,,,,,,,
label,"METHOD: Measure, Visual",,,,,,,,,,,,,,,,,,
label,– – – – – – – – – – – – – – – – –,,,,,,,,,,,,,,,,,,
label,FREQUENCY: Each element,,,,,,,,,,,,,,,,,,
label,– – – – – – – – – – – – – – – – –,,,,,,,,,,,,,,,,,,
label,CATEGORY: HP,,,,,,,,,,,,,,,,,,
label,– – – – – – – – – – – – – – – – –,,,,,,,,,,,,,,,,,,
label,RESPONSIBILITY: Nominated Authority,,,,,,,,,,,,,,,,,,
label,– – – – – – – – – – – – – – – – –,,,,,,,,,,,,,,,,,,
label,"VERIFYING DOCUMENTS: ConQA Hold Point Release, Pre-pour checklist",,,,,,,,,,,,,,,,,,
date,Date Completed:,,,,,,,,,,,,,,,,,,
holdpoint,AUTHORITY HOLDPOINT,,,,,,,,,,,,,,,,,,
checkpoint,5.9 Weather Conditions & Evaporation Limits,,,,,,,,,,,,,,,,,,
label,"REFERENCE: Hot and/or Cold Weather Concreting Procedure 610.17, 610.17 (a) & (e), Table 610.171",,,,,,,,,,,,,,,,,,
label,– – – – – – – – – – – – – – – – –,,,,,,,,,,,,,,,,,,
label,"ACCEPTANCE CRITERIA: All freshly finished concrete surfaces shall be protected where required from the sun, wind or rain, until curing is implemented.",,,,,,,,,,,,,,,,,,
label,"○ The temperature of concrete, measured immediately prior to placing, shall not be less than 10°C or greater than 32°C.",,,,,,,,,,,,,,,,,,
label,"○ The air temperature, relative humidity, concrete temperature and wind velocity are measured to determine the evaporation rate of water from the concrete.",,,,,,,,,,,,,,,,,,
label,○ When the evaporation rate exceeds 0.50 kg/m²/hr apply evaporation retardant at the rates specified on the manufacturer’s TDS.,,,,,,,,,,,,,,,,,,
label,Record: Required information on the Concrete Pour Record.,,,,,,,,,,,,,,,,,,
label,– – – – – – – – – – – – – – – – –,,,,,,,,,,,,,,,,,,
label,"METHOD: Measure, Visual",,,,,,,,,,,,,,,,,,
label,– – – – – – – – – – – – – – – – –,,,,,,,,,,,,,,,,,,
label,FREQUENCY: Each element,,,,,,,,,,,,,,,,,,
label,– – – – – – – – – – – – – – – – –,,,,,,,,,,,,,,,,,,
label,CATEGORY: IP,,,,,,,,,,,,,,,,,,
label,– – – – – – – – – – – – – – – – –,,,,,,,,,,,,,,,,,,
label,"RESPONSIBILITY: Foreman, SE/PE/SPE",,,,,,,,,,,,,,,,,,
label,– – – – – – – – – – – – – – – – –,,,,,,,,,,,,,,,,,,
label,"VERIFYING DOCUMENTS: This ITP, Concrete Pour Record",,,,,,,,,,,,,,,,,,
date,Date Completed:,,,,,,,,,,,,,,,,,,
checkpoint,5.10 Concrete Testing - Sampling Frequency,,,,,,,,,,,,,,,,,,
label,REFERENCE: Site Sampling & Testing Procedure 610.16 (b),,,,,,,,,,,,,,,,,,
label,– – – – – – – – – – – – – – – – –,,,,,,,,,,,,,,,,,,
label,ACCEPTANCE CRITERIA: Concrete cast in one continuous operation to be tested at a frequency as shown below:,,,,,,,,,,,,,,,,,,
label,0m³ to 10m³ = 1 sample,,,,,,,,,,,,,,,,,,
label,10m³ to 25m³ = 2 samples,,,,,,,,,,,,,,,,,,
label,25m³ to 50m³ = 3 samples,,,,,,,,,,,,,,,,,,
label,50m³ to 100m³ = 4 samples + 2 no. VPV cylinders.,,,,,,,,,,,,,,,,,,
label,○ For each additional 50m³ and additional sample shall be taken.,,,,,,,,,,,,,,,,,,
label,"○ Where IFC nominates minimum strength development, ensure strength is verified by additional cylinder or other approved method (such as maturity testing).",,,,,,,,,,,,,,,,,,
label,○ Each sample shall consist of 1 no. slump or spread test and 3 no. compressive strength cylinders minimum.,,,,,,,,,,,,,,,,,,
label,"○ Compressive strength cylinders = 1 no. 7 day strength, 2 no. 28 day strength.",,,,,,,,,,,,,,,,,,
label,Note: Additional cylinders may be required for other purposes such as early trafficking or removal of formwork.,,,,,,,,,,,,,,,,,,
label,Record: Required information on the Concrete Pour Record.,,,,,,,,,,,,,,,,,,
label,– – – – – – – – – – – – – – – – –,,,,,,,,,,,,,,,,,,
label,METHOD: Test,,,,,,,,,,,,,,,,,,
label,– – – – – – – – – – – – – – – – –,,,,,,,,,,,,,,,,,,
label,FREQUENCY: Each element,,,,,,,,,,,,,,,,,,
label,– – – – – – – – – – – – – – – – –,,,,,,,,,,,,,,,,,,
label,CATEGORY: IP,,,,,,,,,,,,,,,,,,
label,– – – – – – – – – – – – – – – – –,,,,,,,,,,,,,,,,,,
label,"RESPONSIBILITY: Concrete Tester, Foreman, SE/PE/SPE",,,,,,,,,,,,,,,,,,
label,– – – – – – – – – – – – – – – – –,,,,,,,,,,,,,,,,,,
label,"VERIFYING DOCUMENTS: This ITP, Concrete Pour Record",,,,,,,,,,,,,,,,,,
date,Date Completed:,,,,,,,,,,,,,,,,,,
checkpoint,5.11 Concrete Testing - Slump,,,,,,,,,,,,,,,,,,
label,REFERENCE: 610.16 (c) ,,,,,,,,,,,,,,,,,,
label,– – – – – – – – – – – – – – – – –,,,,,,,,,,,,,,,,,,
label,ACCEPTANCE CRITERIA: Slump testing tolerances = ,,,,,,,,,,,,,,,,,,
label,<60mm = ±10mm,,,,,,,,,,,,,,,,,,
label,≥60mm to ≤80mm = ±15mm,,,,,,,,,,,,,,,,,,
label,>80mm to ≤110mm = ±20mm,,,,,,,,,,,,,,,,,,
label,>110mm to ≤150mm = ±30mm,,,,,,,,,,,,,,,,,,
label,>150mm = ±40mm,,,,,,,,,,,,,,,,,,
label,Record: Required information on the Concrete Pour Record.,,,,,,,,,,,,,,,,,,
label,– – – – – – – – – – – – – – – – –,,,,,,,,,,,,,,,,,,
label,METHOD: Test,,,,,,,,,,,,,,,,,,
label,– – – – – – – – – – – – – – – – –,,,,,,,,,,,,,,,,,,
label,FREQUENCY: Each sample of Standard or Superplasticised Concrete,,,,,,,,,,,,,,,,,,
label,– – – – – – – – – – – – – – – – –,,,,,,,,,,,,,,,,,,
label,CATEGORY: IP,,,,,,,,,,,,,,,,,,
label,– – – – – – – – – – – – – – – – –,,,,,,,,,,,,,,,,,,
label,RESPONSIBILITY: Concrete Tester,,,,,,,,,,,,,,,,,,
label,– – – – – – – – – – – – – – – – –,,,,,,,,,,,,,,,,,,
label,"VERIFYING DOCUMENTS: This ITP, Concrete Pour Record",,,,,,,,,,,,,,,,,,
date,Date Completed:,,,,,,,,,,,,,,,,,,
checkpoint,"5.12 Concrete Testing - Spread, Passability & Viscosity",,,,,,,,,,,,,,,,,,
label,REFERENCE: 610.13 (b),,,,,,,,,,,,,,,,,,
label,– – – – – – – – – – – – – – – – –,,,,,,,,,,,,,,,,,,
label,ACCEPTANCE CRITERIA: Spread range = 550mm to 750mm,,,,,,,,,,,,,,,,,,
label,○ T500 = 2 seconds to 5 seconds (to reach a spread of 500mm),,,,,,,,,,,,,,,,,,
label,○ Passability = ≤10mm (aggregate height differential) ,,,,,,,,,,,,,,,,,,
label,Record: Required information on the Concrete Pour Record.,,,,,,,,,,,,,,,,,,
label,– – – – – – – – – – – – – – – – –,,,,,,,,,,,,,,,,,,
label,METHOD: Test,,,,,,,,,,,,,,,,,,
label,– – – – – – – – – – – – – – – – –,,,,,,,,,,,,,,,,,,
label,FREQUENCY: Each sample of Self-compacting Concrete,,,,,,,,,,,,,,,,,,
label,– – – – – – – – – – – – – – – – –,,,,,,,,,,,,,,,,,,
label,CATEGORY: IP,,,,,,,,,,,,,,,,,,
label,– – – – – – – – – – – – – – – – –,,,,,,,,,,,,,,,,,,
label,RESPONSIBILITY: Concrete Tester,,,,,,,,,,,,,,,,,,
label,– – – – – – – – – – – – – – – – –,,,,,,,,,,,,,,,,,,
label,"VERIFYING DOCUMENTS: This ITP, Concrete Pour Record",,,,,,,,,,,,,,,,,,
date,Date Completed:,,,,,,,,,,,,,,,,,,
checkpoint,5.13 Concrete Testing - Compressive Strength Cylinders,,,,,,,,,,,,,,,,,,
label,REFERENCE: Site Sampling & Testing Procedure,,,,,,,,,,,,,,,,,,
label,– – – – – – – – – – – – – – – – –,,,,,,,,,,,,,,,,,,
label,ACCEPTANCE CRITERIA: Correct quantity of cylinders manufactured per sample.,,,,,,,,,,,,,,,,,,
label,Record: Required information on the Concrete Pour Record.,,,,,,,,,,,,,,,,,,
label,– – – – – – – – – – – – – – – – –,,,,,,,,,,,,,,,,,,
label,METHOD: Test,,,,,,,,,,,,,,,,,,
label,– – – – – – – – – – – – – – – – –,,,,,,,,,,,,,,,,,,
label,FREQUENCY: Each sample,,,,,,,,,,,,,,,,,,
label,– – – – – – – – – – – – – – – – –,,,,,,,,,,,,,,,,,,
label,CATEGORY: IP,,,,,,,,,,,,,,,,,,
label,– – – – – – – – – – – – – – – – –,,,,,,,,,,,,,,,,,,
label,RESPONSIBILITY: Concrete Tester,,,,,,,,,,,,,,,,,,
label,– – – – – – – – – – – – – – – – –,,,,,,,,,,,,,,,,,,
label,VERIFYING DOCUMENTS: This ITP,,,,,,,,,,,,,,,,,,
date,Date Completed:,,,,,,,,,,,,,,,,,,
checkpoint,5.14 Supply & Discharge Rates,,,,,,,,,,,,,,,,,,
label,REFERENCE: 610.13 (a) & (f),,,,,,,,,,,,,,,,,,
label,– – – – – – – – – – – – – – – – –,,,,,,,,,,,,,,,,,,
label,ACCEPTANCE CRITERIA: Concrete is supplied at an adequate rate to ensure no cold joints are formed.,,,,,,,,,,,,,,,,,,
label,○ No water is to be added once discharge commences.,,,,,,,,,,,,,,,,,,
label,○ Maximum time between batching trucks is 25 minutes.,,,,,,,,,,,,,,,,,,
label,○ Maximum elapsed time for discharge (including compaction) is 60 minutes from batching unless the mix design has an extension using set retardants.,,,,,,,,,,,,,,,,,,
label,○ Concrete that stiffens or is showing signs of stiffening shall not be used.,,,,,,,,,,,,,,,,,,
label,Record: Required information on the Concrete Pour Record.,,,,,,,,,,,,,,,,,,
label,– – – – – – – – – – – – – – – – –,,,,,,,,,,,,,,,,,,
label,"METHOD: Measure, Visual",,,,,,,,,,,,,,,,,,
label,– – – – – – – – – – – – – – – – –,,,,,,,,,,,,,,,,,,
label,FREQUENCY: Each load,,,,,,,,,,,,,,,,,,
label,– – – – – – – – – – – – – – – – –,,,,,,,,,,,,,,,,,,
label,CATEGORY: IP,,,,,,,,,,,,,,,,,,
label,– – – – – – – – – – – – – – – – –,,,,,,,,,,,,,,,,,,
label,"RESPONSIBILITY: Foreman, SE/PE/SPE",,,,,,,,,,,,,,,,,,
label,– – – – – – – – – – – – – – – – –,,,,,,,,,,,,,,,,,,
label,"VERIFYING DOCUMENTS: This ITP, Concrete Pour Record",,,,,,,,,,,,,,,,,,
date,Date Completed:,,,,,,,,,,,,,,,,,,
checkpoint,5.15 Placement & Compaction,,,,,,,,,,,,,,,,,,
label,"REFERENCE: Placement & Compaction Work Procedure 610.18 (a) & (b), 610.18 (d) (i)",,,,,,,,,,,,,,,,,,
label,– – – – – – – – – – – – – – – – –,,,,,,,,,,,,,,,,,,
label,ACCEPTANCE CRITERIA: All concrete batches are traceable.,,,,,,,,,,,,,,,,,,
label,"○ Where concrete pumps are used, the initial discharge is pumped to waste until a consistent workable mix is discharged.",,,,,,,,,,,,,,,,,,
label,○ Concrete is not dropped freely from a height exceeding 2m. ,,,,,,,,,,,,,,,,,,
label,○ Concrete is not moved horizontally by use of vibrators.,,,,,,,,,,,,,,,,,,
label,○ Adequate compaction is ensured,,,,,,,,,,,,,,,,,,
label,○ Care has been taken to fill every part of the form and force concrete under and around reinforcement and embedments.,,,,,,,,,,,,,,,,,,
label,○ Concrete layers are not more than 350mm ,,,,,,,,,,,,,,,,,,
label,○ Internal vibrators are inserted at spacing not exceeding the manufacturer's zone of influence.,,,,,,,,,,,,,,,,,,
label,○ Vibration continued at each point until air bubbles cease to emerge from the concrete.,,,,,,,,,,,,,,,,,,
label,Record: Required information on the Concrete Pour Record.,,,,,,,,,,,,,,,,,,
label,Attach: Concrete Pour Record,,,,,,,,,,,,,,,,,,
label,Attach: Concrete Dockets,,,,,,,,,,,,,,,,,,
label,– – – – – – – – – – – – – – – – –,,,,,,,,,,,,,,,,,,
label,METHOD: Visual,,,,,,,,,,,,,,,,,,
label,– – – – – – – – – – – – – – – – –,,,,,,,,,,,,,,,,,,
label,FREQUENCY: Each load,,,,,,,,,,,,,,,,,,
label,– – – – – – – – – – – – – – – – –,,,,,,,,,,,,,,,,,,
label,CATEGORY: SP,,,,,,,,,,,,,,,,,,
label,– – – – – – – – – – – – – – – – –,,,,,,,,,,,,,,,,,,
label,"RESPONSIBILITY: Foreman, SE/PE/SPE",,,,,,,,,,,,,,,,,,
label,– – – – – – – – – – – – – – – – –,,,,,,,,,,,,,,,,,,
label,"VERIFYING DOCUMENTS: This ITP, Concrete Pour Record",,,,,,,,,,,,,,,,,,
date,Date Completed:,,,,,,,,,,,,,,,,,,
checkpoint,5.16 Surface Finishes,,,,,,,,,,,,,,,,,,
label,"REFERENCE: IFC Drawings 610.31, 610.20",,,,,,,,,,,,,,,,,,
label,– – – – – – – – – – – – – – – – –,,,,,,,,,,,,,,,,,,
label,ACCEPTANCE CRITERIA: Surface finish as per IFC drawings.,,,,,,,,,,,,,,,,,,
label,"○ Where surface finish is not detailed, the VicRoads class finishes will apply as per 610.31.",,,,,,,,,,,,,,,,,,
label,○ Construction joints shall be roughened in locations shown on the drawings - any proposed changes to construction joints shall be subject to approval from the Nominated Authority.,,,,,,,,,,,,,,,,,,
label,– – – – – – – – – – – – – – – – –,,,,,,,,,,,,,,,,,,
label,METHOD: Visual,,,,,,,,,,,,,,,,,,
label,– – – – – – – – – – – – – – – – –,,,,,,,,,,,,,,,,,,
label,FREQUENCY: Each element,,,,,,,,,,,,,,,,,,
label,– – – – – – – – – – – – – – – – –,,,,,,,,,,,,,,,,,,
label,CATEGORY: IP,,,,,,,,,,,,,,,,,,
label,– – – – – – – – – – – – – – – – –,,,,,,,,,,,,,,,,,,
label,"RESPONSIBILITY: Foreman, SE/PE/SPE",,,,,,,,,,,,,,,,,,
label,– – – – – – – – – – – – – – – – –,,,,,,,,,,,,,,,,,,
label,VERIFYING DOCUMENTS: This ITP,,,,,,,,,,,,,,,,,,
date,Date Completed:,,,,,,,,,,,,,,,,,,
checkpoint,5.17 Curing-Top Surface,,,,,,,,,,,,,,,,,,
label,REFERENCE: IFC Drawings,,,,,,,,,,,,,,,,,,
label,– – – – – – – – – – – – – – – – –,,,,,,,,,,,,,,,,,,
label,ACCEPTANCE CRITERIA: Top surface of the pier and abutment walls shall be water ponded for at least 72 hours following initial set. Alternatively the top surface of the pier and abutment walls may be covered with thermal blankets for at least 72 hours and then treated with a curing compound.,,,,,,,,,,,,,,,,,,
label,– – – – – – – – – – – – – – – – –,,,,,,,,,,,,,,,,,,
label,METHOD: Visual,,,,,,,,,,,,,,,,,,
label,– – – – – – – – – – – – – – – – –,,,,,,,,,,,,,,,,,,
label,FREQUENCY: Each element,,,,,,,,,,,,,,,,,,
label,– – – – – – – – – – – – – – – – –,,,,,,,,,,,,,,,,,,
label,CATEGORY: IP,,,,,,,,,,,,,,,,,,
label,– – – – – – – – – – – – – – – – –,,,,,,,,,,,,,,,,,,
label,"RESPONSIBILITY: Foreman, SE/PE/SPE",,,,,,,,,,,,,,,,,,
label,– – – – – – – – – – – – – – – – –,,,,,,,,,,,,,,,,,,
label,VERIFYING DOCUMENTS: This ITP,,,,,,,,,,,,,,,,,,
date,Date Completed:,,,,,,,,,,,,,,,,,,
checkpoint,5.18 Curing after formwork removal,,,,,,,,,,,,,,,,,,
label,REFERENCE: IFC Drawings,,,,,,,,,,,,,,,,,,
label,– – – – – – – – – – – – – – – – –,,,,,,,,,,,,,,,,,,
label,"ACCEPTANCE CRITERIA: After formwork removal, seal curing shall be applied to all exposed concrete surfaces to achieve overall of 7 days equivalent wet curing",,,,,,,,,,,,,,,,,,
label,– – – – – – – – – – – – – – – – –,,,,,,,,,,,,,,,,,,
label,METHOD: Visual,,,,,,,,,,,,,,,,,,
label,– – – – – – – – – – – – – – – – –,,,,,,,,,,,,,,,,,,
label,FREQUENCY: Each element,,,,,,,,,,,,,,,,,,
label,– – – – – – – – – – – – – – – – –,,,,,,,,,,,,,,,,,,
label,CATEGORY: IP,,,,,,,,,,,,,,,,,,
label,– – – – – – – – – – – – – – – – –,,,,,,,,,,,,,,,,,,
label,RESPONSIBILITY: SE,,,,,,,,,,,,,,,,,,
label,– – – – – – – – – – – – – – – – –,,,,,,,,,,,,,,,,,,
label,VERIFYING DOCUMENTS: This ITP,,,,,,,,,,,,,,,,,,
date,Date Completed:,,,,,,,,,,,,,,,,,,
section,Post-construction Activities,,,,,,,,,,,,,,,,,,
checkpoint,6.1 Thermal Differential Monitoring,,,,,,,,,,,,,,,,,,
label,REFERENCE: 610.22,,,,,,,,,,,,,,,,,,
label,– – – – – – – – – – – – – – – – –,,,,,,,,,,,,,,,,,,
label,ACCEPTANCE CRITERIA: Maximum thermal differential between the core and exposed surface not to exceed 20°C.,,,,,,,,,,,,,,,,,,
label,Only applicable if the element has:,,,,,,,,,,,,,,,,,,
label,i. the smallest sectional dimension exceeding 500mm,,,,,,,,,,,,,,,,,,
label,ii. one or more faces being restrained by previously hardened concrete or other external constraints.,,,,,,,,,,,,,,,,,,
label,Attach: Thermal Monitoring Report,,,,,,,,,,,,,,,,,,
label,– – – – – – – – – – – – – – – – –,,,,,,,,,,,,,,,,,,
label,METHOD: Document Review,,,,,,,,,,,,,,,,,,
label,– – – – – – – – – – – – – – – – –,,,,,,,,,,,,,,,,,,
label,"FREQUENCY: Where applicable, each element",,,,,,,,,,,,,,,,,,
label,– – – – – – – – – – – – – – – – –,,,,,,,,,,,,,,,,,,
label,CATEGORY: IP,,,,,,,,,,,,,,,,,,
label,– – – – – – – – – – – – – – – – –,,,,,,,,,,,,,,,,,,
label,"RESPONSIBILITY: Foreman, SE/PE/SPE",,,,,,,,,,,,,,,,,,
label,– – – – – – – – – – – – – – – – –,,,,,,,,,,,,,,,,,,
label,VERIFYING DOCUMENTS: This ITP,,,,,,,,,,,,,,,,,,
date,Date Completed:,,,,,,,,,,,,,,,,,,
checkpoint,6.2 Early Age Compressive Strength Test Results - Removal of Formwork,,,,,,,,,,,,,,,,,,
label,REFERENCE: IFC Drawings,,,,,,,,,,,,,,,,,,
label,– – – – – – – – – – – – – – – – –,,,,,,,,,,,,,,,,,,
label,ACCEPTANCE CRITERIA: Formwork shall be removed not earlier than 72 hours. Formwork shall not be removed when the ambient temprature is less than 10 degrees,,,,,,,,,,,,,,,,,,
label,"○ Where IFC nominates minimum strength development, ensure strength is verified by additional cylinder or other approved method (such as maturity testing).",,,,,,,,,,,,,,,,,,
label,– – – – – – – – – – – – – – – – –,,,,,,,,,,,,,,,,,,
label,METHOD: Document Review,,,,,,,,,,,,,,,,,,
label,– – – – – – – – – – – – – – – – –,,,,,,,,,,,,,,,,,,
label,"FREQUENCY: Where applicable, each element",,,,,,,,,,,,,,,,,,
label,– – – – – – – – – – – – – – – – –,,,,,,,,,,,,,,,,,,
label,CATEGORY: IP,,,,,,,,,,,,,,,,,,
label,– – – – – – – – – – – – – – – – –,,,,,,,,,,,,,,,,,,
label,"RESPONSIBILITY: Foreman, SE/PE/SPE",,,,,,,,,,,,,,,,,,
label,– – – – – – – – – – – – – – – – –,,,,,,,,,,,,,,,,,,
label,VERIFYING DOCUMENTS: This ITP,,,,,,,,,,,,,,,,,,
date,Date Completed:,,,,,,,,,,,,,,,,,,
checkpoint,6.3 Surface Inspection - Cracks,,,,,,,,,,,,,,,,,,
label,REFERENCE: 610.24,,,,,,,,,,,,,,,,,,
label,– – – – – – – – – – – – – – – – –,,,,,,,,,,,,,,,,,,
label,ACCEPTANCE CRITERIA: No cracks greater than 0.2mm (exposure classification B1),,,,,,,,,,,,,,,,,,
label,○ If cracking is observed follow Structural Concrete Crack Repair ITP for investigation and repair.,,,,,,,,,,,,,,,,,,
label,– – – – – – – – – – – – – – – – –,,,,,,,,,,,,,,,,,,
label,"METHOD: Visual, Measure",,,,,,,,,,,,,,,,,,
label,– – – – – – – – – – – – – – – – –,,,,,,,,,,,,,,,,,,
label,FREQUENCY: Each element,,,,,,,,,,,,,,,,,,
label,– – – – – – – – – – – – – – – – –,,,,,,,,,,,,,,,,,,
label,CATEGORY: IP,,,,,,,,,,,,,,,,,,
label,– – – – – – – – – – – – – – – – –,,,,,,,,,,,,,,,,,,
label,RESPONSIBILITY: SE/PE/SPE,,,,,,,,,,,,,,,,,,
label,– – – – – – – – – – – – – – – – –,,,,,,,,,,,,,,,,,,
label,VERIFYING DOCUMENTS: This ITP,,,,,,,,,,,,,,,,,,
date,Date Completed:,,,,,,,,,,,,,,,,,,
checkpoint,6.4 Surface Inspection - Surface Finish,,,,,,,,,,,,,,,,,,
label,"REFERENCE: IFC Drawings 610.31 (a) - (n), 610.32",,,,,,,,,,,,,,,,,,
label,– – – – – – – – – – – – – – – – –,,,,,,,,,,,,,,,,,,
label,ACCEPTANCE CRITERIA: Comply with the IFC drawings and specifications.,,,,,,,,,,,,,,,,,,
label,○ Where surface finishes are non-conforming follow Structural Concrete Patch Repair ITP for investigation and repair.,,,,,,,,,,,,,,,,,,
label,– – – – – – – – – – – – – – – – –,,,,,,,,,,,,,,,,,,
label,METHOD: Visual,,,,,,,,,,,,,,,,,,
label,– – – – – – – – – – – – – – – – –,,,,,,,,,,,,,,,,,,
label,FREQUENCY: Each element,,,,,,,,,,,,,,,,,,
label,– – – – – – – – – – – – – – – – –,,,,,,,,,,,,,,,,,,
label,CATEGORY: IP,,,,,,,,,,,,,,,,,,
label,– – – – – – – – – – – – – – – – –,,,,,,,,,,,,,,,,,,
label,RESPONSIBILITY: SE/PE/SPE,,,,,,,,,,,,,,,,,,
label,– – – – – – – – – – – – – – – – –,,,,,,,,,,,,,,,,,,
label,VERIFYING DOCUMENTS: This ITP,,,,,,,,,,,,,,,,,,
date,Date Completed:,,,,,,,,,,,,,,,,,,
checkpoint,6.5 Measurement of Concrete Cover,,,,,,,,,,,,,,,,,,
label,REFERENCE: 610.34,,,,,,,,,,,,,,,,,,
label,– – – – – – – – – – – – – – – – –,,,,,,,,,,,,,,,,,,
label,ACCEPTANCE CRITERIA: Concrete covermeter check one 3m² test area for every 25m² exterior surface area. ,,,,,,,,,,,,,,,,,,
label,○ Minimum 10 no. measurements recorded in each area. ,,,,,,,,,,,,,,,,,,
label,"○ Where low cover is identified, an assessment to evaluate the influence on durability of the structure is submitted to the Nominated Authority.",,,,,,,,,,,,,,,,,,
label,Attach: Covermeter Check Record,,,,,,,,,,,,,,,,,,
label,– – – – – – – – – – – – – – – – –,,,,,,,,,,,,,,,,,,
label,METHOD: Measure,,,,,,,,,,,,,,,,,,
label,– – – – – – – – – – – – – – – – –,,,,,,,,,,,,,,,,,,
label,FREQUENCY: Each element,,,,,,,,,,,,,,,,,,
label,– – – – – – – – – – – – – – – – –,,,,,,,,,,,,,,,,,,
label,CATEGORY: IP,,,,,,,,,,,,,,,,,,
label,– – – – – – – – – – – – – – – – –,,,,,,,,,,,,,,,,,,
label,RESPONSIBILITY: SE/PE/SPE,,,,,,,,,,,,,,,,,,
label,– – – – – – – – – – – – – – – – –,,,,,,,,,,,,,,,,,,
label,VERIFYING DOCUMENTS: This ITP,,,,,,,,,,,,,,,,,,
date,Date Completed:,,,,,,,,,,,,,,,,,,
checkpoint,6.6 Early Age Compressive Strength Results - Placement of Fill Against Concrete ,,,,,,,,,,,,,,,,,,
label,REFERENCE: Early Loading and Trafficking of Decks and Approach Slab Procedure 610.35,,,,,,,,,,,,,,,,,,
label,– – – – – – – – – – – – – – – – –,,,,,,,,,,,,,,,,,,
label,ACCEPTANCE CRITERIA: Fill is not placed against concrete within 14 days of pour. ,,,,,,,,,,,,,,,,,,
label,○ Proposed placement of fill prior to 14 days - follow the Early Loading and Trafficking of Decks and Approach Slabs Procedure.,,,,,,,,,,,,,,,,,,
label,Attach: Concrete Test Results or Maturity Test Results,,,,,,,,,,,,,,,,,,
label,– – – – – – – – – – – – – – – – –,,,,,,,,,,,,,,,,,,
label,METHOD: Document Review,,,,,,,,,,,,,,,,,,
label,– – – – – – – – – – – – – – – – –,,,,,,,,,,,,,,,,,,
label,"FREQUENCY: Where applicable, each substructure element",,,,,,,,,,,,,,,,,,
label,– – – – – – – – – – – – – – – – –,,,,,,,,,,,,,,,,,,
label,CATEGORY: SP,,,,,,,,,,,,,,,,,,
label,– – – – – – – – – – – – – – – – –,,,,,,,,,,,,,,,,,,
label,"RESPONSIBILITY: Foreman, SE/PE/SPE",,,,,,,,,,,,,,,,,,
label,– – – – – – – – – – – – – – – – –,,,,,,,,,,,,,,,,,,
label,VERIFYING DOCUMENTS: This ITP,,,,,,,,,,,,,,,,,,
date,Date Completed:,,,,,,,,,,,,,,,,,,
checkpoint,6.7 Compressive Strength Test Results,,,,,,,,,,,,,,,,,,
label,"REFERENCE: IFC Drawings Table 610.05.051, 610.16 (g)",,,,,,,,,,,,,,,,,,
label,– – – – – – – – – – – – – – – – –,,,,,,,,,,,,,,,,,,
label,ACCEPTANCE CRITERIA: 7 day compressive strength to comply with table 610.051 for early indication that the strength is tracking correctly.,,,,,,,,,,,,,,,,,,
label,○ 28 day compressive strength (average of the 2 no. cylinders) per sample comply with the design strength.,,,,,,,,,,,,,,,,,,
label,"Note: 1 of the 2 no. 28 day cylinders per sample may be as low as 90% of the required strength, so long as the average meets the required strength. ",,,,,,,,,,,,,,,,,,
label,Attach: Compressive Strength Test Results,,,,,,,,,,,,,,,,,,
label,– – – – – – – – – – – – – – – – –,,,,,,,,,,,,,,,,,,
label,METHOD: Document Review,,,,,,,,,,,,,,,,,,
label,– – – – – – – – – – – – – – – – –,,,,,,,,,,,,,,,,,,
label,FREQUENCY: Each cylinder,,,,,,,,,,,,,,,,,,
label,– – – – – – – – – – – – – – – – –,,,,,,,,,,,,,,,,,,
label,CATEGORY: IP,,,,,,,,,,,,,,,,,,
label,– – – – – – – – – – – – – – – – –,,,,,,,,,,,,,,,,,,
label,RESPONSIBILITY: SE/PE/SPE,,,,,,,,,,,,,,,,,,
label,– – – – – – – – – – – – – – – – –,,,,,,,,,,,,,,,,,,
label,VERIFYING DOCUMENTS: This ITP,,,,,,,,,,,,,,,,,,
date,Date Completed:,,,,,,,,,,,,,,,,,,
checkpoint,6.8 As-built Survey ,,,,,,,,,,,,,,,,,,
label,REFERENCE: IFC Drawings 610.47 Table 610.472,,,,,,,,,,,,,,,,,,
label,– – – – – – – – – – – – – – – – –,,,,,,,,,,,,,,,,,,
label,ACCEPTANCE CRITERIA: Provide record of dimensional measurements to demonstrate concrete members comply with tolerances as per the table 610.462 as applicable to the element.,,,,,,,,,,,,,,,,,,
label,Attach: Survey As-builts / Survey Report,,,,,,,,,,,,,,,,,,
label,– – – – – – – – – – – – – – – – –,,,,,,,,,,,,,,,,,,
label,METHOD: Document Review,,,,,,,,,,,,,,,,,,
label,– – – – – – – – – – – – – – – – –,,,,,,,,,,,,,,,,,,
label,FREQUENCY: Each element,,,,,,,,,,,,,,,,,,
label,– – – – – – – – – – – – – – – – –,,,,,,,,,,,,,,,,,,
label,CATEGORY: IP,,,,,,,,,,,,,,,,,,
label,– – – – – – – – – – – – – – – – –,,,,,,,,,,,,,,,,,,
label,"RESPONSIBILITY: Surveyor, SE/PE/SPE",,,,,,,,,,,,,,,,,,
label,– – – – – – – – – – – – – – – – –,,,,,,,,,,,,,,,,,,
label,VERIFYING DOCUMENTS: This ITP,,,,,,,,,,,,,,,,,,
date,Date Completed:,,,,,,,,,,,,,,,,,,
checkpoint,6.9 Non-conformance Report (NCR) Closure,,,,,,,,,,,,,,,,,,
label,REFERENCE: MRPA Quality Management Plan,,,,,,,,,,,,,,,,,,
label,– – – – – – – – – – – – – – – – –,,,,,,,,,,,,,,,,,,
label,"ACCEPTANCE CRITERIA: Ensure that any NCRs pertaining to the lot / element / Work area that this ITP covers, have been closed.",,,,,,,,,,,,,,,,,,
label,– – – – – – – – – – – – – – – – –,,,,,,,,,,,,,,,,,,
label,METHOD: Document Review,,,,,,,,,,,,,,,,,,
label,– – – – – – – – – – – – – – – – –,,,,,,,,,,,,,,,,,,
label,"FREQUENCY: Once, prior to closure of this lot / element / Work area",,,,,,,,,,,,,,,,,,
label,– – – – – – – – – – – – – – – – –,,,,,,,,,,,,,,,,,,
label,CATEGORY: HP*,,,,,,,,,,,,,,,,,,
label,– – – – – – – – – – – – – – – – –,,,,,,,,,,,,,,,,,,
label,RESPONSIBILITY: HP*,,,,,,,,,,,,,,,,,,
label,– – – – – – – – – – – – – – – – –,,,,,,,,,,,,,,,,,,
label,VERIFYING DOCUMENTS: This ITP,,,,,,,,,,,,,,,,,,
date,Date Completed:,,,,,,,,,,,,,,,,,,
checkpoint,Final Inspection,,,,,,,,,,,,,,,,,,
label,"On behalf of Metropolitan Roads Program Alliance, it is hereby certified that the Works represented by the item of work listed above have been tested in accordance with the Project Quality Plan and conform in all respects with the requirements of the Contract.",,,,,,,,,,,,,,,,,,
text,Name:,,,,,,,,,,,,,,,,,,
text,Position:,,,,,,,,,,,,,,,,,,
date,Date Completed:,,,,,,,,,,,,,,,,,,
holdpoint,Sign ITP,,,,,,,,,,,,,,,,,,
