type,name,values,prefix,postfix,usage count,user addable,template name,
checklist,ITP-312-CIV-HOP-ACO Drainage Installation,itp,,,,,ITP-312-CIV-HOP-ACO Drainage Installation Rev 0,
section,1. Referenced Documentation,,,,,,,
checkpoint-no-value,Referenced Documentation,,,,,,,
label,Document Title: ITP-312-CIV-HOP-ACO Drainage Installation,,,,,,,
label,ITP Description: HOP-ACO Drainage Installation,,,,,,,
label,Discipline (e.g. CIV/STR/RAIL): CIV,,,,,,,
label,Revision Number: 0,,,,,,,
label,Revision Date: 17/09/2025,,,,,,,
label,ITP created by: Christopher Lodge,,,,,,,
label,ITP approved for use by: Pradeep Talasila,,,,,,,
label,1.1 - Non Dependent,,,,,,,
label,Reference - NIST-2659,,,,,,,
label,1.2 - Non Dependent,,,,,,,
label,Reference - VicRoads Section 610,,,,,,,
label,1.3 - Non Dependent,,,,,,,
label,Reference - VicRoads Section 611,,,,,,,
label,1.4 - Non Dependent,,,,,,,
label,Reference - VicRoads Section 612,,,,,,,
label,1.5 - Non Dependent,,,,,,,
label,Reference - NIST-012.2.1,,,,,,,
label,1.6 - Non Dependent,,,,,,,
label,Reference - VicRoads Section 702,,,,,,,
label,1.7 - Non Dependent,,,,,,,
label,Reference - AS 1289,,,,,,,
section,2. Preliminaries - Materials,,,,,,,
checkpoint,2.1 - Concrete Mix (Min 32MPa) - No testing Req.,,,,,,,
label,Reference - IFC Drawings 610.07 Table 610.071,,,,,,,
label,Acceptance Criteria - Concrete Mix is Registered with VicRoads.,,,,,,,
label,"○ Concrete mix meets strength, grade, and maximum aggregate size as detailed on drawings.",,,,,,,
textbox,Enter: Teambinder Material Approval number,,,,,,,
label,Method - Document Review,,,,,,,
label,"Frequency - Once, for each mix design, 4 weeks prior to placement of concrete",,,,,,,
label,Category - HP*,,,,,,,
label,Responsibility - Nominated Authority,,,,,,,
label,Verifying Documents - ConQA Hold Point Release,,,,,,,
date,Date Completed:,,,,,,,
checkpoint,2.2 - ACRS Certification (for Reinforcement),,,,,,,
label,Reference - 611.05 (a),,,,,,,
label,Acceptance Criteria - Current ACRS certification for materials and for bar processing.,,,,,,,
label,"○ Note: ACRS certificate may cover both aspects or be for each separate portion (e.g 1 for the material supplier and another for the bar processor (bending, cropping and delivery)",,,,,,,
textbox,Enter: Teambinder Material Approval number,,,,,,,
label,Method - Document Review,,,,,,,
label,"Frequency - Once for each supplier, 14 days of award of contract",,,,,,,
label,Category - HP*,,,,,,,
label,Responsibility - Nominated Authority,,,,,,,
label,Verifying Documents - This ITP,,,,,,,
date,Date Completed:,,,,,,,
checkpoint,2.3 - Bar Chairs/Aspros Certification,,,,,,,
label,Reference - 610.26 (a),,,,,,,
label,"Acceptance Criteria - Plastic bar chairs, wheels, and spacers require bi-annual testing to demonstrate suitability to prevent excessive deformation under loads.",,,,,,,
label,○ Concrete aspros require annual compressive strength and soluble salt testing is required.,,,,,,,
label,○ Relevant test reports demonstrating compliance to this clause shall be submitted for review to the Nominated Authority.,,,,,,,
textbox,Enter: Teambinder Material Approval number,,,,,,,
label,Method - Document Review,,,,,,,
label,"Frequency - Once for each supplier, 14 days prior to placement of reinforcement",,,,,,,
label,Category - WP,,,,,,,
label,Responsibility - Nominated Authority,,,,,,,
label,Verifying Documents - This ITP,,,,,,,
date,Date Completed:,,,,,,,
checkpoint,2.4 - ACO Drain and Lid Supply,,,,,,,
label,Reference - IFC Drawings,,,,,,,
label,Acceptance Criteria - Aco Drain Type: KlassiDrain K300,,,,,,,
label, — Linear/Nutral Grade Drain ,,,,,,,
label, — Depth 300mm (300x325mm),,,,,,,
label,○ Lid Type: Galvanised Steek Grated ,,,,,,,
label,○ Lid Loading Class: ,,,,,,,
label, — Class B for non trafficable areas,,,,,,,
label, — Class D for trafficable Areas,,,,,,,
textbox,Enter: Teambinder Material Approval number,,,,,,,
label,Method - Document review,,,,,,,
label,"Frequency - Once, for each product, prior to placement of product",,,,,,,
label,Category - HP*,,,,,,,
label,Responsibility - Nominated Authority,,,,,,,
label,Verifying Documents - ConQA Hold Point Release,,,,,,,
date,Date Completed:,,,,,,,
checkpoint,2.5 - Pits and Pit Lids (Class D area's only),,,,,,,
label,Reference - IFC Drawings VicRoads SD1121,,,,,,,
label,○ NIST-2659,,,,,,,
label,○ NIST 012.2.1 Section 6.15-16,,,,,,,
label,○ NIST 012.2.1 Section 6.9,,,,,,,
label,○ NIST 012.2.1 Cl. 6.7 (c),,,,,,,
label,"Acceptance Criteria - Pits: located within 1.5m of nearest rail, pit to be 300LA Railway loading",,,,,,,
label,"○ Pits 900x900mm or greater, multipart pits lids to be used.",,,,,,,
label,○ Concrete Pits to be made as per AS 3600,,,,,,,
label,○ Pit lids: Covers shall comply with AS3996-2006,,,,,,,
label,"○ Pit lids in trafficable areas to be Class D, non-trafficable areas to be Class B",,,,,,,
textbox,Enter: Teambinder Material Approval number,,,,,,,
label,Method - Document Review,,,,,,,
label,"Frequency - Where applicable, once, install",,,,,,,
label,Category - HP*,,,,,,,
label,Responsibility - Nominated Authority,,,,,,,
label,Verifying Documents - ConQA Hold Point Release,,,,,,,
date,Date Completed:,,,,,,,
checkpoint,2.6 - Bedding & Backfill Material,,,,,,,
label,Reference - IFC Drawings NIST-2659 cl6.4.2 & cl6.4.3,,,,,,,
label,○ VicRoads Spec Cl.701.10,,,,,,,
label,○ VicRoads Spec Cl.701.05(b),,,,,,,
label,○ AS 1289.5 Cl1.1,,,,,,,
label,○ AS 1289.5 Cl3.1,,,,,,,
label,○ AS 1289.5 Cl4.1,,,,,,,
label,○ AS 1289.5 Cl5.1,,,,,,,
label,○ AS 1289.5 Cl6.1,,,,,,,
label,Acceptance Criteria - Bedding & backfill material free of rocks that will not pass a 75mm sieve. The material shall be free or organic matter or anything that could damanage the conduits.,,,,,,,
label,○ Nominal agg size 20mm,,,,,,,
label,○ Swell => 2.5%,,,,,,,
label,○ 98% compaction,,,,,,,
label,Method - Document Review,,,,,,,
label,"Frequency - Each Material Type, Each Delivery",,,,,,,
label,Category - IP,,,,,,,
label,Responsibility - SE/PE,,,,,,,
label,"Verifying Documents - Attach Material Conformnace Certs, include TB Approval No.",,,,,,,
label,○ Attach delivery dockets,,,,,,,
date,Date Completed:,,,,,,,
checkpoint,2.7 - Geotextile,,,,,,,
label,Reference - IFC Drawings NIST-2659 cl7.4.2 Table 12,,,,,,,
label,Acceptance Criteria - For separation of subgrade and aggregate base a Class 2 geotextile is preferred. Either medium weight non-woven or a 155gsm woven. Minimum permittivity of 0.02 s -1 and maximum EOS of 600 µm.,,,,,,,
label,Method - Document Review,,,,,,,
label,"Frequency - Each Material Type, Each Delivery",,,,,,,
label,Category - IP,,,,,,,
label,Responsibility - SE/PE,,,,,,,
label,"Verifying Documents - Attach Material Conformnace Certs, include TB Approval No.",,,,,,,
label,○ Attach delivery dockets,,,,,,,
date,Date Completed:,,,,,,,
checkpoint,2.8 - Joint Sealant,,,,,,,
label,Reference - IFC Drawings 612.18 ASTM 0262,,,,,,,
label,Acceptance Criteria - 10x10mm Joint Sealant (eg Neoprene Compression Seal) ,,,,,,,
textbox,Enter: Teambinder Material Approval number,,,,,,,
label,Method - Document Review,,,,,,,
label,"Frequency - Each Material Type, Each Delivery",,,,,,,
label,Category - IP,,,,,,,
label,Responsibility - SE/PE,,,,,,,
label,"Verifying Documents - Attach Material Conformnace Certs, include TB Approval No.",,,,,,,
label,○ Attach delivery dockets,,,,,,,
date,Date Completed:,,,,,,,
section,3. Pre-installation Activities,,,,,,,
checkpoint,3.1 - IFC Drawings,,,,,,,
label,Reference - MRPA Quality Management Plan,,,,,,,
label,Acceptance Criteria - Check the revision of the IFC drawings are current as per the drawing register (on Teambinder),,,,,,,
label,Method - Document Review,,,,,,,
label,Frequency - Prior to starting Works and at regular intervals,,,,,,,
label,Category - HP*,,,,,,,
label,Responsibility - All,,,,,,,
label,Verifying Documents - This ITP,,,,,,,
date,Date Completed:,,,,,,,
checkpoint,3.2 - Survey Set-out,,,,,,,
label,Reference - IFC Drawings NIST-2659 cl6.4.1,,,,,,,
label,Acceptance Criteria - Survey activities undertaken to ensure and validate that all Works meet level and location requirements within the tolerances as per the table 610.473 (March/June 2019) as applicable to the element.,,,,,,,
label,"Method - Measure, Visual",,,,,,,
label,Frequency - Prior to Commencing,,,,,,,
label,Category - IP,,,,,,,
label,"Responsibility - Surveyor, SE/PE/SPE",,,,,,,
label,Verifying Documents - This ITP,,,,,,,
date,Date Completed:,,,,,,,
checkpoint,3.3 - Temporary Drainage Provisions,,,,,,,
label,Reference - VicRoads Spec. Cl.703.18,,,,,,,
label,Acceptance Criteria - Temporary diversion of drainage to be in place where required. ,,,,,,,
label,○ Written approval of from V/Line (SAP) to be provided where diversions are to be installed.,,,,,,,
label,Method - Site Inspection,,,,,,,
label,"Frequency - Where applicable, Prior to Commencing",,,,,,,
label,Category - IP,,,,,,,
label,Responsibility - SE,,,,,,,
label,Verifying Documents - This ITP,,,,,,,
date,Date Completed:,,,,,,,
section,4. Construction / Installation Activities,,,,,,,
checkpoint,4.1 - Trench Excavation,,,,,,,
label,Reference - NIST-2659 cl6.4.2 IFC Drawings Section 702.08,,,,,,,
label,Acceptance Criteria - Trench shall be excavated to allow for a min of 150mm between each side of the ACO drain,,,,,,,
label,○ The depth of the excavation shall be a min of 225mm below the base of the ACO drain in clay areas and 350mm in rock areas ,,,,,,,
label,○ The bottom of the trench shall be compacted,,,,,,,
label,○ There shall be no departures from the grade of the base of the trench that would allow ponding of water. ,,,,,,,
label,○ Excess trench excavation shall be made good by filling back to grade with compacted material of permeability similar to that of the surrounding material and any loose material shall be removed.,,,,,,,
label,Method - Visual,,,,,,,
label,Frequency - Each Lot,,,,,,,
label,Category - HP,,,,,,,
label,"Responsibility - SE, NA (Nominated Authority)",,,,,,,
label,Verifying Documents - This ITP,,,,,,,
date,Date Completed:,,,,,,,
holdpoint,AUTHORITY HOLDPOINT,,,,,,,
checkpoint,4.2 - Placement of bedding,,,,,,,
label,Reference - 702.09 c),,,,,,,
label,Acceptance Criteria - Bedding of granular filter material of thickness between 75 mm and 200mm placed across bottom of trench and screeded & compactecd to level ,,,,,,,
label,○ Place 150mm of bedding under pits,,,,,,,
label,Method - Visual inspection,,,,,,,
label,Frequency - Each lot,,,,,,,
label,Category - IP,,,,,,,
label,Responsibility - SE/Site Supervisor,,,,,,,
label,Verifying Documents - This ITP,,,,,,,
date,Date Completed:,,,,,,,
checkpoint,4.3 - Placemnt of SL81 Mesh (75mm cover) - Trafficable areas only,,,,,,,
label,Reference - IFC Drawings,,,,,,,
label,○ 611.06,,,,,,,
label,○ 611.09,,,,,,,
label,○ 611.10,,,,,,,
label,○ 611.11,,,,,,,
label,○ 611.12,,,,,,,
label,"Acceptance Criteria - The correct reinforcement grade, quantity, size, orientation, location and spacing as shown on the structural drawings.",,,,,,,
label,○ Splice lengths achieve the minimum length and are in contact for this length.,,,,,,,
label,"○ The reinforcement surface condition is free from dirt, debris and damage.",,,,,,,
label,○ The resulting cage securely held with sufficient ties to limit displacement or deformation during the concrete pour.,,,,,,,
label,"Method - Measure, Visual",,,,,,,
label,Frequency - Each Lot,,,,,,,
label,Category - IP,,,,,,,
label,Responsibility - SE/Site Supervisor,,,,,,,
label,Verifying Documents - This ITP,,,,,,,
date,Date Completed:,,,,,,,
checkpoint,4.4 - Formwork Design and Construction,,,,,,,
label,Reference - IFC Drawings,,,,,,,
label,○ 614.04,,,,,,,
label,○ 614.05,,,,,,,
label,○ 614.06,,,,,,,
label,Acceptance Criteria - Designed and constructed in such a manner so it can be removed without damage to the concrete.,,,,,,,
label,"○ Formwork to be rigid, watertight, braced, tied together & selected to achieve the required surface finish.",,,,,,,
label,○ Formwork shall not be placed where steel & fixtures cannot be inspected.,,,,,,,
label,"Method - Document Review, Visual, Measure",,,,,,,
label,Frequency - Each element,,,,,,,
label,Category - IP,,,,,,,
label,"Responsibility - Temporary Works Designer, Proof Engineer, SE/PE/SPE",,,,,,,
label,Verifying Documents - This ITP,,,,,,,
date,Date Completed:,,,,,,,
checkpoint,4.5 - Formwork Certification - Formwork Inspection (Members Less than or Equal to 2m),,,,,,,
label,Reference - 614.08,,,,,,,
label,Acceptance Criteria - The application of any load shall not proceed until the Certificate of Compliance - Formwork Inspection of the constructed formwork has been reviewed by the Nominated Authority,,,,,,,
label,"○ Abutments, pile caps, footings, solid piers, pier columns and walls, with heights less than or equal to 2.0 metres",,,,,,,
label,○ Attach: Attachment C,,,,,,,
label,"Method - Document Review, Visual, Measure",,,,,,,
label,Frequency - Each element (where 2m or less),,,,,,,
label,Category - HP,,,,,,,
label,Responsibility - PE/SPE,,,,,,,
label,Verifying Documents - ConQA Hold Point Release,,,,,,,
date,Date Completed:,,,,,,,
holdpoint,AUTHORITY HOLDPOINT,,,,,,,
checkpoint,4.6 - Installatrion of Contraction Joints,,,,,,,
label,Reference - IFC Drawings,,,,,,,
label,Acceptance Criteria - Contraction joints shall be placed at a maximum spacing of 12m and shall comprice of the following: ,,,,,,,
label, — 10x10 Blockout to be rfilled withapproved joint sealant,,,,,,,
label, — R10 x 500mn long gal dowels,,,,,,,
label,"Method - Visual, Measure",,,,,,,
label,Frequency - Each element,,,,,,,
label,Category - IP,,,,,,,
label,Responsibility - SE,,,,,,,
label,Verifying Documents - This ITP,,,,,,,
date,Date Completed:,,,,,,,
checkpoint,4.7 - Pre-concrete check,,,,,,,
label,"Reference - VicRoads Spec Cl.703.09, Cl.610.17 (a)(b)(c)(d)",,,,,,,
label,Acceptance Criteria - Concrete shall not be placed when the air temperature measured at the point of placement is >35 C or < 5 C. ,,,,,,,
label,"○ Temperature of concrete, measured immediately prior to placing, shall not be less than 10 C or greater than 32 C.",,,,,,,
label,○ Unless otherwise specified concrete shall be N32 standard strength.,,,,,,,
label,"Method - Site Inspection, Temp Varification",,,,,,,
label,Frequency - Each Lot,,,,,,,
label,Category - IP,,,,,,,
label,Responsibility - SE,,,,,,,
label,Verifying Documents - This ITP,,,,,,,
date,Date Completed:,,,,,,,
checkpoint,4.8 - Concrete Placement,,,,,,,
label,Reference - IFC Drawings VicRoads Spec. Cl.610.13(f),,,,,,,
label,Acceptance Criteria - Concrete Strength to be 32MPA as nominated on Drawings;,,,,,,,
label,○ Concrete placed within 60-90 minutes of the commencement of mixing;,,,,,,,
label,Method - Site Inspection,,,,,,,
label,Frequency - Each Lot,,,,,,,
label,Category - IP,,,,,,,
label,Responsibility - SE,,,,,,,
label,Verifying Documents - This ITP,,,,,,,
date,Date Completed:,,,,,,,
checkpoint,4.9 - Concrete Finish,,,,,,,
label,Reference - VicRoads Spec. Cl 703.25,,,,,,,
label,Acceptance Criteria - Egdings: Rendering shall be applied witihin 30 minutes of placing or extruding concrete. endered to a thickness not exceeding 3mm and steel trowel finished. Footpaths and Surfacing: Use a wooden float for a lightly textured non-skid finish. Concrete to have a neat appearance and uniform colour,,,,,,,
label,Method - Site Inspection,,,,,,,
label,Frequency - Each Lot,,,,,,,
label,Category - IP,,,,,,,
label,Responsibility - SE,,,,,,,
label,Verifying Documents - This ITP,,,,,,,
date,Date Completed:,,,,,,,
section,5. Post-installation Activities,,,,,,,
checkpoint,5.1 - Backfilling,,,,,,,
label,Reference - VicRoads Spec. Cl 703.29,,,,,,,
label,"Acceptance Criteria - As soon as the concrete has cured sufficiently, but not earlier than 3 days after casting. Topsoil material free from perishable matter, lumps or balls of clay. Topsoil compacted in layers not exceeding 150 mm in thickness and to a width not less than 300 mm behind the edging to the top of the edging, unless otherwise specified.",,,,,,,
label,Method - Site Inspection,,,,,,,
label,Frequency - Each Lot,,,,,,,
label,Category - HP*,,,,,,,
label,Responsibility - PE/SPE,,,,,,,
label,Verifying Documents - This ITP,,,,,,,
date,Date Completed:,,,,,,,
checkpoint,5.2 - Place ACO Drain,,,,,,,
label,Reference - IFC Drawings,,,,,,,
label,Acceptance Criteria - Place ACO as per IFC drawing in center of trench and fix in place at 1:300 grade,,,,,,,
label,○ ACO units to be placed flush with adjacent units with slope facing correctly as nominated on drawings.,,,,,,,
label,○ Joints between pits and ACO units to be grouted and watertight.,,,,,,,
label,Method - Site Inspection,,,,,,,
label,Frequency - Each Lot,,,,,,,
label,Category - IP,,,,,,,
label,Responsibility - SE,,,,,,,
label,Verifying Documents - This ITP,,,,,,,
date,Date Completed:,,,,,,,
checkpoint,5.3 - Sealant,,,,,,,
label,Reference - IFC Drawings,,,,,,,
label,Acceptance Criteria - Remove 10x10mm blockout seal joint with 10x10mm or approved Sealant,,,,,,,
label,Method - Visual,,,,,,,
label,Frequency - Each element,,,,,,,
label,Category - IP,,,,,,,
label,Responsibility - SE,,,,,,,
label,Verifying Documents - This ITP,,,,,,,
date,Date Completed:,,,,,,,
checkpoint,5.4 - Connection to Pits and Pit Cover Installation,,,,,,,
label,Reference - IFC Drawings NIST-2659,,,,,,,
label,Acceptance Criteria - Gap between reinstated pit walls and Aco drain units shall be 20mm with nominated water stop seal as per drawings.,,,,,,,
label,Method - Site Inspection,,,,,,,
label,Frequency - Each Lot,,,,,,,
label,Category - IP,,,,,,,
label,Responsibility - SE,,,,,,,
label,Verifying Documents - This ITP,,,,,,,
date,Date Completed:,,,,,,,
checkpoint,5.5 - As-built Survey,,,,,,,
label,Reference - IFC Drawings 610.32,,,,,,,
label,Acceptance Criteria - Provide record of dimensional measurements to demonstrate Vertical and horizontal alignment between adjacent segments shall not exceed 5mm,,,,,,,
label,○ Attach: Survey As-builts / Survey Report,,,,,,,
label,Method - Document Review,,,,,,,
label,Frequency - Each element,,,,,,,
label,Category - IP,,,,,,,
label,"Responsibility - Surveyor, SE/PE/SPE",,,,,,,
label,Verifying Documents - This ITP,,,,,,,
date,Date Completed:,,,,,,,
checkpoint,5.6 - Non-conformance Report (NCR) Closure,,,,,,,
label,Reference - MRPA Quality Management Plan,,,,,,,
label,"Acceptance Criteria - Ensure that any NCRs pertaining to the lot / element / Work area that this ITP covers, have been closed in CAMs.",,,,,,,
label,Method - Document Review,,,,,,,
label,"Frequency - Once, prior to closure of this lot / element / Work area",,,,,,,
label,Category - HP*,,,,,,,
label,Responsibility - SE/PE/SPE,,,,,,,
label,Verifying Documents - This ITP,,,,,,,
date,Date Completed:,,,,,,,
checkpoint,Final Inspection,,,,,,,
label,"On behalf of Metropolitan Roads Program Alliance, it is hereby certified that the Works represented by the item of work listed have been tested in accordance with the Project Quality Plan and conform in all respects with the requirements of the Contract.",,,,,,,
textbox,Name:,,,,,,,
textbox,Position:,,,,,,,
textbox,Date Completed:,,,,,,,
signoff,Sign ITP,,,,,,,
,,,,,,,,
,,,,,,,,
,,,,,,,,
,,,,,,,,
,,,,,,,,
,,,,,,,,
,,,,,,,,
,,,,,,,,
,,,,,,,,
,,,,,,,,
,,,,,,,,
,,,,,,,,
,,,,,,,,
,,,,,,,,
,,,,,,,,
,,,,,,,,
,,,,,,,,
,,,,,,,,
,,,,,,,,
,,,,,,,,
,,,,,,,,
,,,,,,,,
,,,,,,,,
,,,,,,,,
,,,,,,,,
,,,,,,,,
,,,,,,,,
,,,,,,,,
,,,,,,,,
,,,,,,,,
,,,,,,,,
,,,,,,,,
,,,,,,,,
,,,,,,,,
,,,,,,,,
checklist,ITP-313-STR-HOP-Steel Structures Installation,itp,,,,,ITP-313-STR-HOP-Steel Structures Installation Rev 0,
section,1. Referenced Documentation,,,,,,,
checkpoint-no-value,Referenced Documentation,,,,,,,
label,Document Title: ITP-313-STR-HOP-Steel Structures Installation,,,,,,,
label,ITP Description: Steel Structures Installation,,,,,,,
label,Discipline (e.g. CIV/STR/RAIL): STR,,,,,,,
label,Revision Number: 0,,,,,,,
label,Revision Date: 12/08/2025,,,,,,,
label,ITP created by: Manwel Kalyana,,,,,,,
label,ITP approved for use by: Pradeep Talasila,,,,,,,
label,1.1 - Non Dependent,,,,,,,
label,Reference - VR Section 610 Feburary 2020,,,,,,,
label,○ VR Section 630 January 2022,,,,,,,
label,○ VR Section 631 June 2017,,,,,,,
label,"○ IFC Drawings AS 1252.1, AS 1110.1, AS 1110.2, AS 1112.1, AS 4100, AS/NZS 5131",,,,,,,
section,2. Preliminaries - Materials,,,,,,,
checkpoint,2.1 - Steel Material Compliance,,,,,,,
label,Reference - Section 630.071 IFC Drawing,,,,,,,
label,"Acceptance Criteria - Steel should demonstrating compliance to the relevant steel product standards listed in Table 630.071, including all impact test values when appropriate.",,,,,,,
label,○ The test certificates shall be related to the steel by trademarks and heat number.,,,,,,,
label,○ Collate: Steel manufacturer’s Certificate of Product Compliance and all related test certificates and upload in a TeamBinder Lot,,,,,,,
textbox,Enter: Teambinder Material Approval number,,,,,,,
label,Method - Document Review,,,,,,,
label,"Frequency - Once, for each product, prior to placement of product",,,,,,,
label,Category - HP,,,,,,,
label,Responsibility - Nominated Authority,,,,,,,
label,Verifying Documents - Conqa HP Release,,,,,,,
date,Date Completed:,,,,,,,
holdpoint,AUTHORITY HOLDPOINT,,,,,,,
checkpoint,2.2 - Fasteners,,,,,,,
label,Reference - Section 630.21 IFC Drawing ,,,,,,,
label,○ AS 1252.1,,,,,,,
label,○ AS 1110.1,,,,,,,
label,○ AS 1110.2 ,,,,,,,
label,○ AS 1112.1,,,,,,,
label,"Acceptance Criteria - Bolts, nuts and washers for Property Class 4.6 bolting shall be supplied in accordance with AS 1252.1, AS 1110.1, AS 1110.2 and AS 1112.1",,,,,,,
label,○ Collate: Bolt manufacturer's Certificate of Product Comliance and related documentation and upload in a TeamBinder Lot.,,,,,,,
textbox,Enter: Teambinder Material Approval number,,,,,,,
label,Method - Document review,,,,,,,
label,Frequency - Each component,,,,,,,
label,Category - HP,,,,,,,
label,Responsibility - Nominated Authority,,,,,,,
label,Verifying Documents - Conqa HP Release,,,,,,,
date,Date Completed:,,,,,,,
holdpoint,AUTHORITY HOLDPOINT,,,,,,,
checkpoint,2.3 - Base Plate Structural Grout or Mortar,,,,,,,
label,Reference - IFC Drawings Section 610.33,,,,,,,
label,Acceptance Criteria - Product to be selected based on the following criteria:,,,,,,,
label, i. Shall be self shrinkage compensating proprietary products with a consistancy appropriate for required use as per 610.33,,,,,,,
label," ii. Must have a minimum of 28 days compressive strength, of not less than 50MPa as per IFC drawings.",,,,,,,
label, iii. Cementeous grouts shall be as a minimum Type C Class dual shrinkage compensating as per 610.33,,,,,,,
label, iv. the surface preparation matches the concrete surface underneath the post base-plate as per the IFC drawings,,,,,,,
label, v. have the characteristics capable of being applied to the minimum and maximum thickness as noted on the IFC drawings,,,,,,,
textbox,Enter: Teambinder Material Approval number,,,,,,,
label,Method - Document Review,,,,,,,
label,"Frequency - Once, for each product, prior to placement of product",,,,,,,
label,Category - HP,,,,,,,
label,Responsibility - Nominated Authority,,,,,,,
label,Verifying Documents - Conqa HP Release,,,,,,,
date,Date Completed:,,,,,,,
holdpoint,AUTHORITY HOLDPOINT,,,,,,,
checkpoint,2.4 - Surface Finishes,,,,,,,
label,Reference - IFC Drawings Section 631.05,,,,,,,
label,"Acceptance Criteria - At least 14 days prior to commencing the protective treatment of steelwork, the Contractor shall submit to the Superintendent for review the information outline in section 631.05, for all proposed coating system",,,,,,,
label,"(a) coating system, including hot-dip galvanizing if specified on the drawings. If hot-dip galvanizing is the only coating required, no further information is required to be submitted;",,,,,,,
label,(b) type of coatings;,,,,,,,
label,(c) name of paint manufacturer;,,,,,,,
label,(d) product names of paints;,,,,,,,
label,(e) technical data sheets and Material Safety Data Sheets (MSDS) for all paints;,,,,,,,
label,(f) documentary evidence from the manufacturer certifying compliance of paints with relevant specifications;,,,,,,,
label,(g) details of work to be carried out by shop treatment and those to be carried out by field treatment;,,,,,,,
label,"(h) for field works, details of work methods, containment processes and environment controls;",,,,,,,
label,(i) details of solvent cleaning solution and soluble salt removal procedures;,,,,,,,
label,(j) abrasive to be used for abrasive blast cleaning;,,,,,,,
label,(k) analysis certificate for non-metallic abrasives; and,,,,,,,
label,"(l) paint application conditions, including but not limited to -",,,,,,,
label,"   (i) the maximum and minimum ambient temperature,",,,,,,,
label,"   (ii) the maximum and minimum temperature of surfaces to be painted,",,,,,,,
label,"   (iii) maximum and minimum (if applicable) relative humidity,",,,,,,,
label,"   (iv) minimum difference between temperature of surface to be painted and the dew point, and",,,,,,,
label,   (v) minimum and/or maximum time between application of successive coats.,,,,,,,
textbox,Enter: Teambinder Material Approval number,,,,,,,
label,Method - Document Review,,,,,,,
label,"Frequency - Once, for each product, prior to placement of product",,,,,,,
label,Category - HP,,,,,,,
label,Responsibility - Nominated Authority,,,,,,,
label,Verifying Documents - Conqa HP Release,,,,,,,
date,Date Completed:,,,,,,,
holdpoint,AUTHORITY HOLDPOINT,,,,,,,
section,3. Preliminaries - Procedures,,,,,,,
checkpoint,3.1 - Fabrication and welding,,,,,,,
label,Reference - Section 630.03 AS/NZS 5131,,,,,,,
label,"Acceptance Criteria - The fabrication and welding procedures, and ITPs shall be submitted to the Superintendent one month prior to fabrication.",,,,,,,
label,○ Attach: Subcontractor Fabrication and welding ITP and Procedures,,,,,,,
textbox,Enter: Teambinder Approval number,,,,,,,
label,Method - Document Review,,,,,,,
label,Frequency - 1 month prior to installation,,,,,,,
label,Category - HP,,,,,,,
label,Responsibility - Nominated Authority,,,,,,,
label,Verifying Documents - Conqa HP Release,,,,,,,
date,Date Completed:,,,,,,,
holdpoint,AUTHORITY HOLDPOINT,,,,,,,
checkpoint,3.2 - Weld Repairing of Steel,,,,,,,
label,Reference - Section 630.07,,,,,,,
label,"Acceptance Criteria - The use of any weld repaired steel, including welding to make up member length, shall not commence until approval to proceed is given by the Superintendent.",,,,,,,
label,Method - Verbal,,,,,,,
label,Frequency - Prior to welding,,,,,,,
label,Category - HP,,,,,,,
label,Responsibility - Nominated Authority,,,,,,,
label,Verifying Documents - Conqa HP Release,,,,,,,
date,Date Completed:,,,,,,,
holdpoint,AUTHORITY HOLDPOINT,,,,,,,
checkpoint,3.3 - Non-Destructive and Dimesion Inspections,,,,,,,
label,Reference - Section 630.18,,,,,,,
label,Acceptance Criteria - The subcontractor shall submit test certificates for all non-destructive inspections and dimension inspections to the Superintendent for review at least two days prior to the steelwork being transported for protective treatment.,,,,,,,
label,○ Attach: Subcontractor test certificates for all non-destructive and dimesion inspection.,,,,,,,
textbox,Enter: Teambinder Approval number,,,,,,,
label,Method - Document Review,,,,,,,
label,Frequency - 2 days prior to protective treatment,,,,,,,
label,Category - HP,,,,,,,
label,Responsibility - Nominated Authority,,,,,,,
label,Verifying Documents - Conqa HP Release,,,,,,,
date,Date Completed:,,,,,,,
holdpoint,AUTHORITY HOLDPOINT,,,,,,,
checkpoint,"3.4 - Handling, Transport and Erection of Structural Steel Element",,,,,,,
label,Reference - Section 630.09 AS/NZS 5131,,,,,,,
label,"Acceptance Criteria - Methods of handling, transporting and erection of the steelwork shall be such that the members are not stressed or deformed beyond the design limit and that there is no damage to the protective coating during these operations.",,,,,,,
label,"○ An installation methodology and ITP in accordance with AS 5131 shall be submitted one (1) month prior to installation. As a minimum, the installation methodology shall include the following procedures below, when appropriate:",,,,,,,
label, (a) Lifting procedures for each component; transport to and handling on site,,,,,,,
label, (b) Bolt tightening procedures for snug tight bolting,,,,,,,
label, (c) Procedures for grouting of base plates,,,,,,,
label, (d) Procedures for ensuring that components are erected in the correct sequence and position.,,,,,,,
label,○ Attach: Subcontractor Installation ITP and Procedures,,,,,,,
textbox,Enter: Teambinder Approval number,,,,,,,
label,Method - Document Review,,,,,,,
label,Frequency - 1 month prior to installation,,,,,,,
label,Category - HP,,,,,,,
label,Responsibility - Nominated Authority,,,,,,,
label,Verifying Documents - Conqa HP Release,,,,,,,
date,Date Completed:,,,,,,,
holdpoint,AUTHORITY HOLDPOINT,,,,,,,
section,4. Preliminaries - Fabrication Documentation,,,,,,,
checkpoint,4.1 - Steel Fabrication Certification,,,,,,,
label,Reference - Section 630.03 AS/NZS 5131,,,,,,,
label,"Acceptance Criteria - Details of the steel fabrication, including the appropriate certifications and any arrangements where the fabrication of steelwork is further subcontracted to a third party certified fabricator, must be submitted to the superintendant, at least 14 days prior to commencement of fabrication of steelwork.",,,,,,,
label,○ The Contractor shall submit evidence of certification of the steel fabricator to:,,,,,,,
label," (a) Construction Category CC2, CC3 or CC4 of AS/NZS 5131, as applicable to the works or to parts of the works, and",,,,,,,
label, (b) AS/NZS ISO 3834.2 for work requiring Construction Category CC3 or CC4; or to AS/NZS ISO 3834.3 for work requiring Construction Category CC2.,,,,,,,
textbox,Enter: Teambinder Approval number,,,,,,,
label,Method - Document Review,,,,,,,
label,Frequency - 14 Days prior to fabrication,,,,,,,
label,Category - HP,,,,,,,
label,Responsibility - Nominated Authority,,,,,,,
label,Verifying Documents - Conqa HP Release,,,,,,,
date,Date Completed:,,,,,,,
holdpoint,AUTHORITY HOLDPOINT,,,,,,,
checkpoint,4.2 - Shop Drawing Verification,,,,,,,
label,Reference - Section 630.04,,,,,,,
label,"Acceptance Criteria - Prior to fabrication, the shop drawings shall be reviewed by a competent Structural Steel Designer to verify that the critical to quality requirements are complied with and that the design intent is achieved. Evidence of this review and the competency of the reviewer shall be submitted to the Superintendent prior to fabrication.",,,,,,,
textbox,Enter: Teambinder Approval number,,,,,,,
label,Method - Document Review,,,,,,,
label,Frequency - Prior to fabrication,,,,,,,
label,Category - HP,,,,,,,
label,Responsibility - Nominated Authority,,,,,,,
label,Verifying Documents - Conqa HP Release,,,,,,,
date,Date Completed:,,,,,,,
holdpoint,AUTHORITY HOLDPOINT,,,,,,,
checkpoint,"4.3 - Cambering, Straightening and Forms",,,,,,,
label,Reference - Section 630.11,,,,,,,
label,"Acceptance Criteria - The work instruction for cambering, straightening or forming, as appropriate shall be submitted to the Superintendent for review at least seven working days prior to commencement of these activities.",,,,,,,
textbox,Enter: Teambinder Approval number,,,,,,,
label,Method - Document Review,,,,,,,
label,Frequency - 7 working days prior to activity,,,,,,,
label,Category - HP,,,,,,,
label,Responsibility - Nominated Authority,,,,,,,
label,Verifying Documents - Conqa HP Release,,,,,,,
date,Date Completed:,,,,,,,
holdpoint,AUTHORITY HOLDPOINT,,,,,,,
checkpoint,4.4 - Welding Procedure Qualification,,,,,,,
label,Reference - Section 630.14 AS 2205.5.1,,,,,,,
label,"Acceptance Criteria - Documentary evidence of the results of welding procedure testing, assessment against the acceptance criteria, and an approved Welding Procedure Specification (WPS and PQR) for each of the weld procedures to be used in the welding of the steelwork shall be submitted to the Superintendent for review at least five working days prior to commencement of welding.",,,,,,,
label,"○ A photograph of the etched surface of all weld macro-tests, to AS 2205.5.1, at a magnification of x1, or greater, shall be submitted to the Superintendent with the test results.",,,,,,,
textbox,Enter: Teambinder Approval number,,,,,,,
label,Method - Document Review,,,,,,,
label,Frequency - 5 days prior to welding,,,,,,,
label,Category - HP,,,,,,,
label,Responsibility - Nominated Authority,,,,,,,
label,Verifying Documents - Conqa HP Release,,,,,,,
date,Date Completed:,,,,,,,
holdpoint,AUTHORITY HOLDPOINT,,,,,,,
checkpoint,4.5 - Welding Operator Qualification,,,,,,,
label,Reference - Section 630.15,,,,,,,
label,Acceptance Criteria - Documentary evidence of welding operator qualification through testing or assessment for each of the welding procedures to be used in the welding of the steelwork shall be submitted to the Superintendent for review at least five working days prior to commencement of welding.,,,,,,,
textbox,Enter: Teambinder Approval number,,,,,,,
label,Method - Document Review,,,,,,,
label,Frequency - 5 days prior to welding,,,,,,,
label,Category - HP,,,,,,,
label,Responsibility - Nominated Authority,,,,,,,
label,Verifying Documents - Conqa HP Release,,,,,,,
date,Date Completed:,,,,,,,
holdpoint,AUTHORITY HOLDPOINT,,,,,,,
checkpoint,4.6 - Steel Fastening Procedure,,,,,,,
label,"Reference - Section 630.20, Section 630.21 AS/NZS 5131",,,,,,,
label,"Acceptance Criteria - The Contractor shall submit to the Superintendent the bolt manufacturer’s Certificate of Product Compliance and all related test certificates demonstrating compliance of the supplied bolt assemblies to the relevant bolt product standards: AS/NZS 1252.1, AS 1110.1, AS 1110.2 and AS 1112.1, as appropriate , and including assembly testing to AS/NZS 1252.1 when appropriate. ",,,,,,,
label,"○ The test certificates shall be related to the bolts by manufacturer or supplier, batch and heat number, and manufacturing lot number. ",,,,,,,
label,○ A documented work method statement (WMS) shall be prepared for each bolting operation. The bolting WMS shall include:,,,,,,,
label, i. The fastener requirements,,,,,,,
label, ii. The results of slip factor testing for high friction joints,,,,,,,
label, iii. A snug-tightening sequence,,,,,,,
label, iv. A high-friction tensioning sequence when appropriate,,,,,,,
label, v. Processes for assessment against the acceptance criteria,,,,,,,
label," vi. When appropriate, the specific requirements for use of direct tension. ",,,,,,,
label,○ The bolting WMS for each of the procedures to be used in the bolting of the steelwork shall be submitted to the Superintendent for review at least five working days prior to commencement of bolting.,,,,,,,
label,"○ Approval to use direct-tension indicator devices shall be obtained from the Superintendent at least 14 days prior to the use of such devices on bolting on the steelwork, and shall be used in accordance to manufacturer's instructions and AS/NZS5131",,,,,,,
textbox,Enter: Teambinder Approval number,,,,,,,
label,Method - Document Review,,,,,,,
label,Frequency - 14 days prior to fastening,,,,,,,
label,Category - HP,,,,,,,
label,Responsibility - Nominated Authority,,,,,,,
label,Verifying Documents - Conqa HP Release,,,,,,,
date,Date Completed:,,,,,,,
holdpoint,AUTHORITY HOLDPOINT,,,,,,,
section,5. Pre-installation Activities,,,,,,,
checkpoint,5.1 - IFC Drawings,,,,,,,
label,Reference - MRPA Quality Management Plan,,,,,,,
label,Acceptance Criteria - Check the revision of the IFC drawings are current as per the drawing register (on Teambinder),,,,,,,
label,Method - Document Review,,,,,,,
label,Frequency - Prior to starting Works and at regular intervals,,,,,,,
label,Category - HP*,,,,,,,
label,Responsibility - All,,,,,,,
label,Verifying Documents - This ITP Signed Off,,,,,,,
date,Date Completed:,,,,,,,
checkpoint,5.2 - Materials Inspection Checklist - Steel,,,,,,,
label,Reference - IFC Drawings Section 630,,,,,,,
label,"Acceptance Criteria - General inspection of structural steel elements for defects including cracks, handling and storage damage & distortion.",,,,,,,
label,"Method - Measure, Visual",,,,,,,
label,Frequency - Each component,,,,,,,
label,Category - IP,,,,,,,
label,Responsibility - SE/PE/SPE,,,,,,,
label,Verifying Documents - This ITP Signed Off,,,,,,,
date,Date Completed:,,,,,,,
checkpoint,5.3 - Materials Inspection Checklist - Fasteners,,,,,,,
label,Reference - IFC Drawings Section 630,,,,,,,
label,"Acceptance Criteria - Bolts, nuts and washers shall be the size, material, strength grade and coating as noted on the IFC Drawings.",,,,,,,
label,"○ Where bolted faces are sloping at 1:20 or greater, tapered washers must be used.",,,,,,,
label,"Method - Measure, Visual",,,,,,,
label,Frequency - Each component,,,,,,,
label,Category - IP,,,,,,,
label,Responsibility - SE/PE/SPE,,,,,,,
label,Verifying Documents - This ITP Signed Off,,,,,,,
date,Date Completed:,,,,,,,
checkpoint,5.4 - Materials Inspection Checklist - Galvanising,,,,,,,
label,Reference - IFC Drawings Section 631,,,,,,,
label,"Acceptance Criteria - Galvanised coating - no loss of adhesion, damage, blisters, roughness, sharp points and flux residues.",,,,,,,
label,"Method - Measure, Visual",,,,,,,
label,Frequency - Each component,,,,,,,
label,Category - IP,,,,,,,
label,Responsibility - SE/PE/SPE,,,,,,,
label,Verifying Documents - This ITP Signed Off,,,,,,,
date,Date Completed:,,,,,,,
checkpoint,5.5 - Materials Inspection Checklist - Surface Finish,,,,,,,
label,Reference - IFC Drawings Section 631,,,,,,,
label,"Acceptance Criteria - Paint or powder coating - uniform in appearance, colour & texture with no loss of adhesion, damage, blisters, holidays, chalking or any other visible defects.",,,,,,,
label,"Method - Measure, Visual",,,,,,,
label,Frequency - Each component,,,,,,,
label,Category - IP,,,,,,,
label,Responsibility - SE/PE/SPE,,,,,,,
label,Verifying Documents - This ITP Signed Off,,,,,,,
date,Date Completed:,,,,,,,
checkpoint,5.6 - Servey Set-out,,,,,,,
label,Reference - IFC Drawings,,,,,,,
label,Acceptance Criteria - Survey activities undertaken to ensure and validate that all Works meet level and location requirements as per IFC drawings.,,,,,,,
label,"Method - Measure, Visual",,,,,,,
label,Frequency - Each component,,,,,,,
label,Category - IP,,,,,,,
label,"Responsibility - Surveyor, SE/PE",,,,,,,
label,Verifying Documents - This ITP Signed Off,,,,,,,
date,Date Completed:,,,,,,,
section,5. Installation Activities,,,,,,,
checkpoint,5.1 - Bearing / Mounting Surface Preparation,,,,,,,
label,Reference - IFC Drawings Section 630.21c Product TDS,,,,,,,
label,"Acceptance Criteria - Ensure the bearing surface is clean and free from all oil, dirt, loose scale, loose rust, burrs, fins and any other defects on the surfaces of contact, that will prevent solid seating of the parts in the snug-tight condition.",,,,,,,
label,"○ For a friction-type connection, the surfaces shall be clean as-rolled surfaces or equivalent and shall be free from plant, lacquer, glavanizing or other applied finish, unless the applied finish has been tested to establish the riction coefficient or slip factor.",,,,,,,
label,"Method - Measure, Visual",,,,,,,
label,"Frequency - Where applicable, each installation location",,,,,,,
label,Category - IP,,,,,,,
label,Responsibility - SE/PE/SPE,,,,,,,
label,Verifying Documents - This ITP Signed Off,,,,,,,
date,Date Completed:,,,,,,,
checkpoint,5.2 - Structural Steel Handling,,,,,,,
label,"Reference - Section 630.09, Section 631.14 AS/NZS 5131",,,,,,,
label,"Acceptance Criteria - The method of handling, transporting and erection of the steelwork shall ensure that the members are not stressed or deformed beyond the design limit and that there is no damage to the protective coating during these operations.",,,,,,,
label,○ All installation and erection of steel structures shall comply with the requirements of AS/NZS 5131.,,,,,,,
label,Method - Visual,,,,,,,
label,Frequency - Each component,,,,,,,
label,Category - IP,,,,,,,
label,Responsibility - SE/PE/SPE,,,,,,,
label,Verifying Documents - This ITP Signed Off,,,,,,,
date,Date Completed:,,,,,,,
checkpoint,5.3 - Structural Steel Erection,,,,,,,
label,"Reference - AS4100, AS/NZS 5131 Section 630.12",,,,,,,
label,"Acceptance Criteria - Place steel component into position, ensuring that it is plumb, level, square and within tolerances shown in 5.6.",,,,,,,
label,"○ Where mounting to supports or foundations, adjust RL accordingly using suitably sized shims, levelling or jacking nuts (where applicable).",,,,,,,
label,"○ Where a misalignment is found, only rheaming, milling, drilling or machine flame or plasma cut are allowed. Internal surface of the hole to remain smooth and free from burrs.",,,,,,,
label,○ Holes shall not exceed the greater of: 1.25 x bolt dia. OR bolt dia. + 8mm,,,,,,,
label,○ Slots shall not exceed the greater of: 1.33 x (bolt dia. + 10mm) OR 2.5 x bolt dia,,,,,,,
label,"Method - Measure, Visual",,,,,,,
label,Frequency - Each component,,,,,,,
label,Category - IP,,,,,,,
label,Responsibility - SE/PE/SPE,,,,,,,
label,Verifying Documents - This ITP Signed Off,,,,,,,
date,Date Completed:,,,,,,,
checkpoint,5.4 - Fastener Tightening - Snug Tight Condition,,,,,,,
label,"Reference - IFC Drawings Section 630.09, Section 630.21 AS/NZS 5131",,,,,,,
label,"Acceptance Criteria - Place bolts, washers and nuts as detailed on the IFC Drawings.",,,,,,,
label,"○ For posts base plates, the arrangement is to be (from the base plate):",,,,,,,
label, — Base Plate,,,,,,,
label, — Washer as specified,,,,,,,
label, — Lock Nut as specified,,,,,,,
label, — Nut,,,,,,,
label, — Bolt protrusion (1 clear tread),,,,,,,
label,○ Washers shall cover the hole or slotted hole completely by 0.5 x holes diameter.,,,,,,,
label,○ Tapered washers shall be positioned as specified.,,,,,,,
label,○ Tighten from the stiffest section working towards the free edges with a few impacts of an impact wrench or the full effort of a person using a podger spanner.,,,,,,,
label,○ Protrusion to be at least 1 clear thread shows beyond the nut but no greater than 12mm.,,,,,,,
label,"Method - Measure, Visual",,,,,,,
label,"Frequency - Where applicable, each bolted connection",,,,,,,
label,Category - IP,,,,,,,
label,Responsibility - SE/PE/SPE,,,,,,,
label,Verifying Documents - This ITP Signed Off,,,,,,,
date,Date Completed:,,,,,,,
checkpoint,5.5 - Survey Conformance,,,,,,,
label,Reference - IFC Drawings AS4100 AS/NZS 5131,,,,,,,
label,Acceptance Criteria - Grouting of base plates and/or tensioning of bolts shall not commence until verification that the Works meet level and location requirements within the tolerances below:,,,,,,,
label,"○ Departure from RL = -15 mm, +5 mm",,,,,,,
label,○ Departure from plan position = ±6mm,,,,,,,
label,○ Departure from bolt group spacing = ±6mm ,,,,,,,
label,○ Bolt group spacings <= 25mm in 30m,,,,,,,
label,"○ Projection of bolt = +25mm, -5mm ",,,,,,,
label,○ Location of column = ±7mm,,,,,,,
label,"Method - Measure, Visual",,,,,,,
label,Frequency - Each element,,,,,,,
label,Category - HP*,,,,,,,
label,"Responsibility - SE/PE/SPE, Surveyor",,,,,,,
label,Verifying Documents - This ITP Signed Off,,,,,,,
date,Date Completed:,,,,,,,
checkpoint,5.6 - Base Plate Formwork Construction & Placement,,,,,,,
label,Reference - IFC Drawings,,,,,,,
label,"Acceptance Criteria - Dimensions as per drawings to achieve the profile. Formwork rigid, sufficiently braced to support the pressure of the grout/mortar product and sealed to prevent leaks.",,,,,,,
label,"Method - Measure, Visual",,,,,,,
label,Frequency - Each post location,,,,,,,
label,Category - IP,,,,,,,
label,Responsibility - SE/PE/SPE,,,,,,,
label,Verifying Documents - This ITP Signed Off,,,,,,,
date,Date Completed:,,,,,,,
checkpoint,5.7 - Pre-soaking Concrete Surface for Grout,,,,,,,
label,Reference - Product TDS,,,,,,,
label,Acceptance Criteria - Pre-soak the concrete surface with potable water for the recommended time frame indicated on the Product's TDS.,,,,,,,
label,"○ Prior to mixing the product, remove excess water that has not leaked out of the forms or been soaked into the substrate by appropriate means such as a leaf blower.",,,,,,,
label,Method - Visual,,,,,,,
label,Frequency - Each post location,,,,,,,
label,Category - IP,,,,,,,
label,Responsibility - SE/PE/SPE,,,,,,,
label,Verifying Documents - This ITP Signed Off,,,,,,,
date,Date Completed:,,,,,,,
checkpoint,5.8 - Weather Conditions,,,,,,,
label,"Reference - Section 610.17, VR Table 610.171",,,,,,,
label,Acceptance Criteria - Do not commence grouting operations if inclement weather is forecast and the Works cannot be protected.,,,,,,,
label,"○ The temperature of the cementitious products, measured immediately prior to placing, shall not be less than 10°C or greater than 32°C.",,,,,,,
label,○ Record: Required information on the Grout Pour Record.,,,,,,,
label,"Method - Measure, Visual",,,,,,,
label,Frequency - Each lot,,,,,,,
label,Category - IP,,,,,,,
label,"Responsibility - Supervisor, SE/PE/SPE",,,,,,,
label,Verifying Documents - This ITP Signed Off,,,,,,,
date,Date Completed:,,,,,,,
checkpoint,5.9 - Mixing Product,,,,,,,
label,Reference - Product TDS Section 610.28,,,,,,,
label,Acceptance Criteria - Size of mixer should match the application.,,,,,,,
label,○ Only whole bags to be mixed with potable water. ,,,,,,,
label,○ Volume of water matches the required amount for flowable consistency and accurately measured.,,,,,,,
label,○ Product poured into the mixer slowly.,,,,,,,
label,"○ Mixing time as per TDS so that a smooth, even consistency is obtained.",,,,,,,
textbox,Enter: Required information on the Grout Pour Record.,,,,,,,
label,"Method - Measure, Visual",,,,,,,
label,Frequency - Each lot,,,,,,,
label,Category - IP,,,,,,,
label,"Responsibility - Supervisor, SE/PE/SPE",,,,,,,
label,Verifying Documents - This ITP Signed Off,,,,,,,
date,Date Completed:,,,,,,,
checkpoint,5.10 - Product Testing - Compressive Strength Cubes,,,,,,,
label,Reference - Section 610.28 IFC Drawings,,,,,,,
label,"Acceptance Criteria - Cube moulds to be 75mm x 75mm maximum, made from rigid steel moulds and require lids due to the expansive nature of shrinkage compensating products.",,,,,,,
label,○ Testing is to be in accordance with the following frequencies:,,,,,,,
label," — First batch = 3 cubes (2 no. 7 day strength, 1 no. 28 day strength)",,,,,,,
label," — Every 100kg of product thereafter = 3 cubes (2 no. 7 day strength, 1 no. 28 day strength)",,,,,,,
textbox,Enter: Required information on the Grout Pour Record.,,,,,,,
label,Method - Test,,,,,,,
label,Frequency - Each lot,,,,,,,
label,Category - IP,,,,,,,
label,"Responsibility - Supervisor, SE/PE/SPE",,,,,,,
label,Verifying Documents - This ITP Signed Off,,,,,,,
date,Date Completed:,,,,,,,
checkpoint,5.11 - Placement & Compaction,,,,,,,
label,Reference - Product TDS,,,,,,,
label,Acceptance Criteria - All batches are traceable.,,,,,,,
label,○ Product poured from one side of the formwork to eliminate the entrapment of air or surplus pre-soaking water.,,,,,,,
label,○ Product should flow to all areas and self consolidate.,,,,,,,
label,○ Product that stiffens or is showing signs of stiffening shall not be used.,,,,,,,
textbox,Enter: Required information on the Grout Pour Record,,,,,,,
label,Method - Visual,,,,,,,
label,Frequency - Each post location,,,,,,,
label,Category - IP,,,,,,,
label,"Responsibility - Supervisor, SE/PE/SPE",,,,,,,
label,Verifying Documents - This ITP Signed Off,,,,,,,
date,Date Completed:,,,,,,,
checkpoint,5.12 - Surface Finishes & Protection of Works,,,,,,,
label,Reference - IFC Drawings Section 610.17,,,,,,,
label,"Acceptance Criteria - If shaping of the unformed surface is required, shape prior to the product fully hardening.",,,,,,,
label,"○ All freshly finished surfaces shall be protected where required from the sun, wind or rain, until curing is implemented.",,,,,,,
label,Method - Visual,,,,,,,
label,"Frequency - Where applicable, each post location",,,,,,,
label,Category - IP,,,,,,,
label,"Responsibility - Supervisor, SE/PE/SPE",,,,,,,
label,Verifying Documents - This ITP Signed Off,,,,,,,
date,Date Completed:,,,,,,,
checkpoint,5.13 - Curing,,,,,,,
label,Reference - Curing Methodology 610.23 Table 610.231,,,,,,,
label,Acceptance Criteria - Curing to commence immediately after finishing operations and continue for the duration specified in table 610.231.,,,,,,,
label,○ Curing methodology to be in accordance with the approved procedure and manufacturer's TDS.,,,,,,,
label,Method - Visual,,,,,,,
label,"Frequency - Where applicable, each post location",,,,,,,
label,Category - IP,,,,,,,
label,"Responsibility - Supervisor, SE/PE/SPE",,,,,,,
label,Verifying Documents - This ITP Signed Off,,,,,,,
date,Date Completed:,,,,,,,
checkpoint,5.14 - Architectural Steel Erection,,,,,,,
label,"Reference - AS4100 Clause 15.2.3, AS/NZS 5131 Clause 11.5.7 630.12",,,,,,,
label,"Acceptance Criteria - Place steel component into position, ensuring that it is plumb, level and square ",,,,,,,
label,"○ Where steel to steel connections exist, holes shall be aligned so that a drift pin equal in diamter of the bolts can pass through freely",,,,,,,
label,"Method - Measure, Visual",,,,,,,
label,Frequency - Each component,,,,,,,
label,Category - IP,,,,,,,
label,Responsibility - SE/PE/SPE,,,,,,,
label,Verifying Documents - This ITP Signed Off,,,,,,,
date,Date Completed:,,,,,,,
checkpoint,5.15 - Architectural Steel Erection-Fasteners,,,,,,,
label,Reference - IFC Drawings Section VR 630,,,,,,,
label,"Acceptance Criteria - Place bolts, washers and nuts as detailed on the IFC Drawings.",,,,,,,
label,"○ For architectural/Security screens, the arrangement is to be (from themounting post):",,,,,,,
label, — Post,,,,,,,
label, — Washer (s) as specified,,,,,,,
label, — insulating washer,,,,,,,
label, — insulating bush,,,,,,,
label, — Insulating washer,,,,,,,
label, — washer as specified,,,,,,,
label, — Lock nut,,,,,,,
label, — Nut,,,,,,,
label, — Bolt protrusion (1 clear tread),,,,,,,
label,"Method - Measure, Visual",,,,,,,
label,"Frequency - Where applicable, each bolted connection",,,,,,,
label,Category - IP,,,,,,,
label,Responsibility - SE/PE/SPE,,,,,,,
label,Verifying Documents - This ITP Signed Off,,,,,,,
date,Date Completed:,,,,,,,
checkpoint,5.16 - Installation of Electrical Isolation Materials,,,,,,,
label,Reference - IFC Drawings,,,,,,,
label,Acceptance Criteria - Installation of Electrical Isolation Material in locations specified on the IFC drawings (where applicable).,,,,,,,
label,Method - Visual,,,,,,,
label,Frequency - Each component,,,,,,,
label,Category - IP,,,,,,,
label,Responsibility - SE/PE/SPE,,,,,,,
label,Verifying Documents - This ITP Signed Off,,,,,,,
date,Date Completed:,,,,,,,
section,6. Post-installation Activities,,,,,,,
checkpoint,6.1 - Inspection of Coating,,,,,,,
label,Reference - IFC Drawings Section 630,,,,,,,
label,"Acceptance Criteria - After installation Works are complete, inspect the steel element for damage to the coatings.",,,,,,,
label,"○ Where damage exists, it shall be repaired using an approved repair procedure.",,,,,,,
label,Method - Visual,,,,,,,
label,Frequency - Each component,,,,,,,
label,Category - IP,,,,,,,
label,Responsibility - SE/PE/SPE,,,,,,,
label,Verifying Documents - This ITP Signed Off,,,,,,,
date,Date Completed:,,,,,,,
checkpoint,Structural Steel Components,,,,,,,
label,Reference - IFC Drawings MRPA Quality Management Plan Section 630.22,,,,,,,
label,Acceptance Criteria - Fabricator is required to provide the Manufacturer's Data Record (MDR) for each component.,,,,,,,
label,○ Typically this consists of but not limited to:,,,,,,,
label, i. Certificate of Compliance,,,,,,,
label, ii. Completed Fabrication ITP,,,,,,,
label, iii. Weld Procedure Specifications,,,,,,,
label, iv. Weld Procedure Qualifications,,,,,,,
label, v. Welder Qualifications,,,,,,,
label, vi. Material Certificates and traceability,,,,,,,
label, vii. Quality Assurance check sheets,,,,,,,
label, viii. Welding Consumable batch certificates,,,,,,,
label, ix. Coating certificate(s),,,,,,,
label, x. Non-destructive Testing (NDT) Reports,,,,,,,
label, xi. As-built Drawings to demonstrate compliance with dimensional tolerances of structural steel,,,,,,,
label,○ Collate: Structural Steel Quality Assurance Documentation and upload in a TeamBinder Lot.,,,,,,,
textbox,Enter: Teambinder Material Approval number,,,,,,,
label,Method - Document Review,,,,,,,
label,Frequency - Each component,,,,,,,
label,Category - HP,,,,,,,
label,Responsibility - Nominated Authority,,,,,,,
label,Verifying Documents - Conqa HP Release,,,,,,,
date,Date Completed:,,,,,,,
holdpoint,AUTHORITY HOLDPOINT,,,,,,,
checkpoint,6.2 - Compressive Strength Test Results,,,,,,,
label,Reference - IFC Drawings Product TDS Section 610,,,,,,,
label,Acceptance Criteria - 7 day compressive strength (average of the 2 no. cubes) per sample for early indication that the strength is tracking correctly.,,,,,,,
label,○ 28 day compressive strength per sample comply with the design strength.,,,,,,,
label,○ Attach: Compressive Strength Test Results,,,,,,,
label,Method - Document Review,,,,,,,
label,Frequency - Each Sample,,,,,,,
label,Category - IP,,,,,,,
label,Responsibility - SE/PE/SPE,,,,,,,
label,Verifying Documents - This ITP Signed Off,,,,,,,
date,Date Completed:,,,,,,,
checkpoint,6.3 - As-built Survey,,,,,,,
label,Reference - IFC Drawings AS/NZS 5131,,,,,,,
label,Acceptance Criteria - Provide record of dimensional measurements to demonstrate that all Works meet level and location requirements within the tolerances below:,,,,,,,
label,○ Departure from RL = ±10mm,,,,,,,
label,○ Departure from plan position = ±6mm,,,,,,,
label,○ Departure from alignment = ±6mm,,,,,,,
label,○ Irregularities in alignment = 25mm in 30m,,,,,,,
label,"○ Projection of bolt = +25mm, 5mm",,,,,,,
label,○ Location of beam = ±3mm ,,,,,,,
label,"○ Location of column = height/500, 10mm max.",,,,,,,
label,○ Attach: Survey As-builts / Survey Report,,,,,,,
label,Method - Document Review,,,,,,,
label,Frequency - Each element,,,,,,,
label,Category - IP,,,,,,,
label,"Responsibility - Surveyor, SE/PE/SPE",,,,,,,
label,Verifying Documents - This ITP Signed Off,,,,,,,
date,Date Completed:,,,,,,,
checkpoint,6.4 - Non-conformance Report (NCR) Closure,,,,,,,
label,Reference - MRPA Quality Management Plan,,,,,,,
label,"Acceptance Criteria - Ensure that any NCRs pertaining to the lot / element / Work area that this ITP covers, have been closed.",,,,,,,
label,Method - Document Review,,,,,,,
label,"Frequency - Once, prior to closure of this lot / element / Work area",,,,,,,
label,Category - HP*,,,,,,,
label,Responsibility - SE/PE/SPE,,,,,,,
label,Verifying Documents - This ITP Signed Off,,,,,,,
date,Date Completed:,,,,,,,
checkpoint,Final Inspection,,,,,,,
label,"On behalf of Metropolitan Roads Program Alliance, it is hereby certified that the Works represented by the item of work listed have been tested in accordance with the Project Quality Plan and conform in all respects with the requirements of the Contract.",,,,,,,
textbox,Name:,,,,,,,
textbox,Position:,,,,,,,
textbox,Date Completed:,,,,,,,
signoff,Sign ITP,,,,,,,
,,,,,,,,
,,,,,,,,
,,,,,,,,
,,,,,,,,
,,,,,,,,
,,,,,,,,
,,,,,,,,
,,,,,,,,
,,,,,,,,
,,,,,,,,
,,,,,,,,
,,,,,,,,
,,,,,,,,
,,,,,,,,
,,,,,,,,
,,,,,,,,
,,,,,,,,
,,,,,,,,
,,,,,,,,
,,,,,,,,
,,,,,,,,
,,,,,,,,
,,,,,,,,
,,,,,,,,
,,,,,,,,
,,,,,,,,
,,,,,,,,
,,,,,,,,
,,,,,,,,
checklist,ITP-314-STR-HOP-Concrete Coating (Protective and or Decorative),itp,,,,,ITP-314-STR-HOP-Concrete Coating (Protective and or Decorative) Rev 1,
section,1. Referenced Documentation,,,,,,,
checkpoint-no-value,Referenced Documentation,,,,,,,
label,Document Title: ITP-314-STR-HOP-Concrete Coating (Protective and or Decorative) Rev 1,,,,,,,
label,ITP Description: Concrete Coating (Protective and or Decorative) Rev 1,,,,,,,
label,Discipline (e.g. CIV/STR/RAIL): 314-STR-HOP,,,,,,,
label,Revision Number: 1,,,,,,,
label,Revision Date: 3/09/2025,,,,,,,
label,ITP created by: Manwel KALYANA,,,,,,,
label,ITP approved for use by: Pradeep Talasila,,,,,,,
label,1.1 - Non Dependent,,,,,,,
label,Reference - VicRoads Standard Section 685,,,,,,,
label,1.2 - Non Dependent,,,,,,,
label,Reference - VicRoads Standard Section 686,,,,,,,
label,1.3 - Non Dependent,,,,,,,
label,Reference - IFC Drawings,,,,,,,
section,2. Preliminaries,,,,,,,
checkpoint,2.1 - Anti-graffiti System Selection,,,,,,,
label,"Reference - IFC Drawings, Coating System TDS",,,,,,,
label,○ VicRoads:,,,,,,,
label, — Section 685.04,,,,,,,
label, — Section 685.06 (a)(b),,,,,,,
label, — Section 686.04,,,,,,,
label, — Section 686.05 (a)(e),,,,,,,
label,Acceptance Criteria - The system shall be selected based on the following criteria:,,,,,,,
label, i. be either a film-forming or a penetrant system,,,,,,,
label," ii. be non-sacrificial, clear OR coloured (as noted on the IFC drawings or specification)",,,,,,,
label," iii. be an acrylic copolymer, acrylic epoxy, polyurethane or polyurea type with all coats be of the same brand and compatible",,,,,,,
label," iv. be non-yellowing, colour-fast and not subject to fading",,,,,,,
label, v. be guaranteed to have at least 8 cycles of graffiti defacement and removal from the date of application and last for 10 years of outdoor exposure,,,,,,,
label," vi. application thicknesses (film-forming): WFT total = 175µm min. DFT total = 100µm min. when anti-graffiti coating is also used as anti-carbonation, then DFT total = 150µm min.",,,,,,,
label, vii. adhesion to substrate (film-forming): 0.75MPa min.,,,,,,,
label, viii. application rate (penetrants) as per the minimum thickness on the manufacturer's TDS,,,,,,,
textbox,Enter: TeamBinder Material approval No.,,,,,,,
label,Method - Document Review,,,,,,,
label,"Frequency - Once, for each coating system, 14 days prior to application",,,,,,,
label,Category - HP,,,,,,,
label,Responsibility - SE/PE/Site Supervisor,,,,,,,
label,Verifying Documents - ConQA Hold Point Release,,,,,,,
date,Date Completed:,,,,,,,
holdpoint,AUTHORITY HOLDPOINT,,,,,,,
checkpoint,2.2 - Decorative & Anti-carbonation System Selection,,,,,,,
label,"Reference - IFC Drawings, Coating System TDS",,,,,,,
label,○ VicRoads:,,,,,,,
label, — Section 686.04,,,,,,,
label, — Section 686.05 (a)(b),,,,,,,
label, — Table 686.051,,,,,,,
label,Acceptance Criteria - The system shall be selected based on the following criteria:,,,,,,,
label," i. be non-sacrificial, clear or coloured (as noted on the IFC drawings or specification) OR a combination of these to achieve the system",,,,,,,
label," ii. be water or acrylic based, solvent-free with all coats compatible with each other",,,,,,,
label, iii. have a minimum of 2 coats for the decorative/anti-carbonation component of the system,,,,,,,
label," iv. be non-yellowing, colour-fast and not subject to fading",,,,,,,
label, v. be guaranteed to last for 10 years of outdoor exposure,,,,,,,
label, vi. application thicknesses: WFT per coat = enough to achieve the total DFT = 150µm min.,,,,,,,
label, vii. adhesion to substrate: 0.75MPa min.,,,,,,,
label, viii. able to bridge cracks up to 0.3mm wide,,,,,,,
label, ix. able to be re-coated within 24 hours,,,,,,,
label, x. have a minimum pot life of 1 hour,,,,,,,
label, xi. compatibility to an alkaline surface,,,,,,,
label," xii. equivalent air thickness >150m, equivalent concrete thickness >450mm, CO2 diffusion coefficient <2 x 10^-7 cm2/s, Water vapour equivalent air layer <4m",,,,,,,
textbox,Enter: TeamBinder Material approval No.,,,,,,,
label,Method - Document Review,,,,,,,
label,"Frequency - Once, for each coating system, 21 days prior to application",,,,,,,
label,Category - HP,,,,,,,
label,Responsibility - SE/PE/Site Supervisor,,,,,,,
label,Verifying Documents - ConQA Hold Point Release,,,,,,,
date,Date Completed:,,,,,,,
holdpoint,AUTHORITY HOLDPOINT,,,,,,,
checkpoint,2.3 - Quality Documentation,,,,,,,
label,"Reference - IFC Drawings, Coating System TDS, Cleaning System TDS",,,,,,,
label,○ VicRoads:,,,,,,,
label, — Section 685,,,,,,,
label, — Section 686,,,,,,,
label,Acceptance Criteria - The quality documentation shall demonstrate compliance with the specifications and is to be submitted for review to the Nominated Authority.,,,,,,,
textbox,Enter: TeamBinder Hold Point Approval No.,,,,,,,
label,Method - Document Review,,,,,,,
label,Frequency - Once for each coating system,,,,,,,
label,Category - HP,,,,,,,
label,Responsibility - SE/PE/Site Supervisor,,,,,,,
label,Verifying Documents - ConQA Hold Point Release,,,,,,,
date,Date Completed:,,,,,,,
holdpoint,AUTHORITY HOLDPOINT,,,,,,,
checkpoint,2.4 - Personnel & Equipment,,,,,,,
label,Reference - IFC Drawings,,,,,,,
label,○ VicRoads:,,,,,,,
label, — Section 685.16,,,,,,,
label, — Section 686.19,,,,,,,
label,"Acceptance Criteria - Application personnel and sub-contractors shall have a minimum of 5 years experience and demonstrated competency for the preparation and application techniques for anti-graffiti coating. For all other coating, Application personnel shall have a minimum of 2 years experience. The supervisor shall have a minimum of 5 years experience and must remain present at all times. Where spaying is the intended application method, the spray equipment shall be fit for purpose, have an airline filter and the nozzle size should match the requirements of the Product's TDS.",,,,,,,
label,Method - Document Review,,,,,,,
label,"Frequency - Once, prior to application",,,,,,,
label,Category - IP,,,,,,,
label,Responsibility - SE/PE/Site Supervisor,,,,,,,
label,Verifying Documents - This ITP,,,,,,,
date,Date Completed:,,,,,,,
checkpoint,2.5 - Protection of Adjacent Works & property,,,,,,,
label,Reference - VicRoads:,,,,,,,
label, — Section 685.17,,,,,,,
label, — Section 686.10,,,,,,,
label,"Acceptance Criteria - Protection shall be implemented for existing coated surfaces, services, bearings, joints, signs and nameplates during the surface preparation, abrasive blasting and coating application processes. No spraying shall be performed within 10m of buildings, footpaths, roadways, pedestrians or vehicles without protective measures in place. Where these instances are expected, the protective methods shall be submitted for review to the Nominated Authority.",,,,,,,
label,Method - Visual and Document Review,,,,,,,
label,"Frequency - Where applicable, 2 days prior to application",,,,,,,
label,Category - HP,,,,,,,
label,Responsibility - SE/PE/Site Supervisor,,,,,,,
label,Verifying Documents - This ITP,,,,,,,
date,Date Completed:,,,,,,,
holdpoint,AUTHORITY HOLDPOINT,,,,,,,
checkpoint,2.6 - Minimum Concrete Curing Period,,,,,,,
label,Reference - VicRoads:,,,,,,,
label, — Section 685.08,,,,,,,
label, — Section 686.16,,,,,,,
label,"Acceptance Criteria - Concrete shall not be coated until the minimum concrete curing times have elapsed: Standard cured concrete = 28 days, Accelerated cured concrete = 14 days, Repaired concrete = 14 days (if repaired with a patching product) or 28 days (if repaired with concrete)",,,,,,,
label,○ Note: All durations may be reduced by 50% if the moisture content is less than 10% when measured with a calibrated moisture meter.,,,,,,,
label,Method - Visual and Document Review,,,,,,,
label,"Frequency - Once, prior to application",,,,,,,
label,Category - HP,,,,,,,
label,Responsibility - SE/PE/Site Supervisor,,,,,,,
label,Verifying Documents - This ITP,,,,,,,
date,Date Completed:,,,,,,,
holdpoint,AUTHORITY HOLDPOINT,,,,,,,
checkpoint,2.7 - Trial Application Inspection,,,,,,,
label,Reference - VicRoads:,,,,,,,
label, — Section 685.11,,,,,,,
label, — Section 686.13,,,,,,,
label,"Acceptance Criteria - A full coating system, inclusive of any primers, under-coats and sealers, shall be conducted on either a 10m² area of the element to be coated or on a test panel made from the same substrate, 14 days prior to the commencement of coating work. Alternatively, close-up photographs or inspection of previous projects, applied by the same coating contractor, using the same system onto the same substrate should suffice this requirement.",,,,,,,
textbox,Enter: TeamBinder Hold Point Approval No.,,,,,,,
label,Method - Visual and Document Review,,,,,,,
label,"Frequency - Once for each coating system, 14 days prior to full coating application",,,,,,,
label,Category - HP,,,,,,,
label,Responsibility - SE/PE/Site Supervisor,,,,,,,
label,Verifying Documents - ConQA Hold Point Release,,,,,,,
date,Date Completed:,,,,,,,
holdpoint,AUTHORITY HOLDPOINT,,,,,,,
section,3. Pre-Application Activities,,,,,,,
checkpoint,3.1 - Material Records,,,,,,,
label,"Reference - Coating System TDS, Surface Cleaner TDS",,,,,,,
label,○ VicRoads:,,,,,,,
label, — Section 685.10,,,,,,,
label, — Section 686.12,,,,,,,
label,"Acceptance Criteria - Materials shall be brought to site in unopened, sealed containers, clearly marked with: the manufacturer's name & address product reference batch number quantity manufactured in the batch date of manufacture",,,,,,,
label,○ Product beyond the manufacturer's shelf life shall not be used. Each product shall be traceable to final location.,,,,,,,
label,Method - Visual,,,,,,,
label,Frequency - Prior to application,,,,,,,
label,Category - IP,,,,,,,
label,Responsibility - SE/PE/Site Supervisor,,,,,,,
label,Verifying Documents - This ITP,,,,,,,
date,Date Completed:,,,,,,,
checkpoint,3.2 - Weather Conditions,,,,,,,
label,"Reference - Coating System TDS, Surface Cleaner TDS",,,,,,,
label,○ VicRoads:,,,,,,,
label, — Section 685.09,,,,,,,
label, — Section 685.12 (a),,,,,,,
label, — Section 686.11,,,,,,,
label, — Section 686.14 (a)(iii),,,,,,,
label,Acceptance Criteria - Coating systems shall not be applied under any of the following conditions:,,,,,,,
label, i. windy conditions where spray/splatter may be generated,,,,,,,
label, ii. when wind-borne debris is likely to contaminate the uncured surface,,,,,,,
label, iii. when the ambient temperature exceeds 35°C or is below 10°C unless the Coating System TDS states otherwise,,,,,,,
label, iv. when the surface temperature of the substrate is less than 3°C above the dew point or exceeding 40°C,,,,,,,
label, v. when the relative humidity exceeds 85% or is expected to exceed 85% within 12 hours of coating,,,,,,,
label," vi. when rain splatter, water run-off or water deposits onto the surface and affects adhesion to the substrate",,,,,,,
label, vii. when the substrate surface is wet or damp (unless it is required for the coating system),,,,,,,
label,○ Weather conditions are to be recorded.,,,,,,,
label,Method - Visual and Measure,,,,,,,
label,Frequency - Prior to application and every 4 hours each shift,,,,,,,
label,Category - IP,,,,,,,
label,Responsibility - SE/PE/Site Supervisor,,,,,,,
label,Verifying Documents - This ITP,,,,,,,
date,Date Completed:,,,,,,,
checkpoint,3.3 - Surface Preparation,,,,,,,
label,"Reference - Coating System TDS, Surface Cleaner TDS",,,,,,,
label,○ VicRoads:,,,,,,,
label, — Section 685.05,,,,,,,
label, — Section 686.06,,,,,,,
label,"Acceptance Criteria - The surface shall be prepared in accordance with the Coating System TDS, but as a minimum, all dust, dirt and other surface contaminants such as release agents and curing compounds shall be removed by appropriate means. The surface shall then be flushed with water. Any concrete defects exposed during the surface preparation shall be repaired accordingly.",,,,,,,
label,Method - Visual,,,,,,,
label,"Frequency - Once, prior to application",,,,,,,
label,Category - IP,,,,,,,
label,Responsibility - SE/PE/Site Supervisor,,,,,,,
label,Verifying Documents - This ITP,,,,,,,
date,Date Completed:,,,,,,,
checkpoint,3.4 - Surface Moisture Testing,,,,,,,
label,Reference - VicRoads:,,,,,,,
label, — Section 685.12 (a),,,,,,,
label, — Section 686.14 (a)(iii),,,,,,,
label,Acceptance Criteria - The substrate is free from back water pressure and the surface moisture conditions shall satisfy the Coating System TDS. Surface moisture conditions are to be recorded.,,,,,,,
label,Method - Test,,,,,,,
label,"Frequency - Prior to application, test 1m2",,,,,,,
label,Category - IP,,,,,,,
label,Responsibility - SE/PE/Site Supervisor,,,,,,,
label,Verifying Documents - This ITP,,,,,,,
date,Date Completed:,,,,,,,
section,4. Application Activities,,,,,,,
checkpoint,4.1 - Method of Application,,,,,,,
label,"Reference - Coating System TDS, Surface Cleaner TDS",,,,,,,
label,○ VicRoads:,,,,,,,
label, — Section 685.07,,,,,,,
label, — Section 686.07,,,,,,,
label, — Section 686.09,,,,,,,
label,"Acceptance Criteria - Application should be carried out to the Manufacturer's TDS within 24 hours after completing the surface preparation so that the desired, uniform surface finish is achieved. Re-coating shall be within the recommended timeframe from the TDS and only if any defects or damage to the previous layer have been rectified. For penetrants, the material shall be applied at the lowest point, proceeding upwards to higher elevations and saturated enough so that a ""wet look"" can be observed for at least a few seconds after application. Times of coating(s), material names, locations coated and volumes used shall be recorded.",,,,,,,
label,Method - Visual and Measure,,,,,,,
label,Frequency - Each coat,,,,,,,
label,Category - IP,,,,,,,
label,Responsibility - SE/PE/Site Supervisor,,,,,,,
label,Verifying Documents - This ITP,,,,,,,
date,Date Completed:,,,,,,,
checkpoint,4.2 - Inspection & Defect Identification,,,,,,,
label,Reference - VicRoads:,,,,,,,
label, — Section 685.07,,,,,,,
label, — Section 685.13 (d),,,,,,,
label, — Section 686.07,,,,,,,
label, — Section 686.15,,,,,,,
label,"Acceptance Criteria - The work shall be inspected for uniformity, colour, gloss, opacity and appearance between coats. Defects such as lumps, bubbles, inclusions, ripples, sags, runs and air holes shall be removed and re-application at those areas may be required.",,,,,,,
label,Method - Visual,,,,,,,
label,Frequency - After each coat,,,,,,,
label,Category - IP,,,,,,,
label,Responsibility - SE/PE/Site Supervisor,,,,,,,
label,Verifying Documents - This ITP,,,,,,,
date,Date Completed:,,,,,,,
checkpoint,4.3 - Drying & Curing,,,,,,,
label,Reference - Coating System TDS,,,,,,,
label,○ VicRoads:,,,,,,,
label, — Section 685.17,,,,,,,
label, — Section 686.09,,,,,,,
label,"Acceptance Criteria - Coatings shall be protected from adverse conditions, dust and debris during the curing period.",,,,,,,
label,Method - Visual,,,,,,,
label,Frequency - After each coat,,,,,,,
label,Category - IP,,,,,,,
label,Responsibility - SE/PE/Site Supervisor,,,,,,,
label,Verifying Documents - This ITP,,,,,,,
date,Date Completed:,,,,,,,
section,5. Post-application Activities,,,,,,,
checkpoint,5.1 - Clean-up & Waste Disposal,,,,,,,
label,Reference - VicRoads:,,,,,,,
label, — Section 685.07 (c),,,,,,,
label, — Section 686.10,,,,,,,
label,"Acceptance Criteria - All coating drips, smudges and over-spray shall be removed from all surfaces, including surfaces not being treated. All rubbish and remaining coating products shall be removed from site.",,,,,,,
label,Method - Visual,,,,,,,
label,Frequency - At completion of works,,,,,,,
label,Category - IP,,,,,,,
label,Responsibility - SE/PE/Site Supervisor,,,,,,,
label,Verifying Documents - This ITP,,,,,,,
date,Date Completed:,,,,,,,
checkpoint,5.2 - Wet Film Thickness Testing,,,,,,,
label,Reference - Coating System TDS,,,,,,,
label,○ VicRoads:,,,,,,,
label, — Section 685.12 (b)(ii),,,,,,,
label, — Section 686.14 (b)(ii),,,,,,,
label,"Acceptance Criteria - Film-forming anti-graffiti coatings shall have a combined thickness of 175µm, for all other applications, the WFT shall be measured and be in accordance with the Product TDS.",,,,,,,
label,○ Attach: WFT Test Results,,,,,,,
label,Method - Test,,,,,,,
label,"Frequency - Where applicable, 3 no. tests every 50m2 or part thereof",,,,,,,
label,Category - IP,,,,,,,
label,Responsibility - SE/PE/Site Supervisor,,,,,,,
label,Verifying Documents - This ITP,,,,,,,
date,Date Completed:,,,,,,,
checkpoint,5.3 - Dry-Film Thickness Testing,,,,,,,
label,Reference - VicRoads:,,,,,,,
label, — Section 685.12 (b)(iii),,,,,,,
label, — Section 686.14 (b)(iii),,,,,,,
label,"Acceptance Criteria - At least three tests for each of bond strength, WFT and DFT and amount of penetration of anti-graffiti penetrant shall be carried out after the application of materials to demonstrate compliance ",,,,,,,
label,"○ The total DFT of the system shall be tested to ensure that it meets the required minimum application thicknesses: i. Anti-graffiti system = 100µm Ii. Decorative & anti-carbonation = 150µm iii. Decorative, anti-carbonation & anti-graffiti = 150µm iv. Atmospheric & splash zone (dual protective) = 200µm",,,,,,,
label,○ No more than 15% of the readings shall be less than 90% of the required thickness.,,,,,,,
label,○ Attach: DFT Test Results,,,,,,,
label,Method - Test,,,,,,,
label,"Frequency - Where applicable, 3 no. tests every 50m2 or part thereof",,,,,,,
label,Category - IP,,,,,,,
label,Responsibility - SE/PE/Site Supervisor,,,,,,,
label,Verifying Documents - This ITP,,,,,,,
date,Date Completed:,,,,,,,
checkpoint,5.4 - Adhesion Bond Strength Testing,,,,,,,
label,Reference - VicRoads:,,,,,,,
label, — Section 685.12 (b)(i),,,,,,,
label, — Section 686.14 (b)(i),,,,,,,
label,"Acceptance Criteria - At least three tests for each of bond strength, WFT and DFT and amount of penetration of anti-graffiti penetrant shall be carried out after the application of materials to demonstrate compliance ",,,,,,,
label,"○ A minimum of 14 days after application, the bond-strengths between: i. the coating system to the substrate, and ii. Separate coating layers shall be tested using 50mmØ aluminium dollies. The subsequent results shall be greater than 0.75MPa.",,,,,,,
label,○ Attach: Adhesive Bond Strength Testing Results,,,,,,,
label,Method - Test,,,,,,,
label,"Frequency - Where applicable, 3 no. tests every 50m2 or part thereof",,,,,,,
label,Category - IP,,,,,,,
label,Responsibility - SE/PE/Site Supervisor,,,,,,,
label,Verifying Documents - This ITP,,,,,,,
date,Date Completed:,,,,,,,
checkpoint,5.5 - Penetration Depth Testing,,,,,,,
label,Reference - VicRoads:,,,,,,,
label, — Section 685.12 (b)(v),,,,,,,
label, — Section 686.14 (b)(v),,,,,,,
label,"Acceptance Criteria - At least three tests for each of bond strength, WFT and DFT and amount of penetration of anti-graffiti penetrant shall be carried out after the application of materials to demonstrate compliance ",,,,,,,
label,"○ Where a penetrant is applied, a 50mmØ core sample, 50mm depth, is to be taken and immersed in a fugitive dye to determine the depth of penetration. The subsequent results shall be: i. Sprayed anti-graffiti penetrants = unspecified (as long as it is visible) ii. Silane, Solid Silane or Silane Cream = 5mm min. iii. Silane-Siloxane or Siloxane = 3mm min.",,,,,,,
label,○ Attach: Penetration Depth Testing Results,,,,,,,
label,Method - Test,,,,,,,
label,"Frequency - Where applicable, 3 no. tests every 50m2 or part thereof",,,,,,,
label,Category - IP,,,,,,,
label,Responsibility - SE/PE/Site Supervisor,,,,,,,
label,Verifying Documents - This ITP,,,,,,,
date,Date Completed:,,,,,,,
checkpoint,5.6 - Non-conforming Coatings,,,,,,,
label,Reference - VicRoads:,,,,,,,
label, — Section 685.14,,,,,,,
label, — Section 686.17,,,,,,,
label,"Acceptance Criteria - Should any of the coating application Work be found to be non-compliant with the specifications, the areas shall be repaired. Such Work may include removal of the coating, surface preparation and re-application. Non-compliant Work includes, coating failure to yellowing, loss of adhesion, penetration of graffiti into the coating, loss of solvent resistance and colour change during the contract liability and/or guarantee period.",,,,,,,
label,Method - Visual,,,,,,,
label,Frequency - Where required,,,,,,,
label,Category - IP,,,,,,,
label,Responsibility - SE/PE/Site Supervisor,,,,,,,
label,Verifying Documents - This ITP,,,,,,,
date,Date Completed:,,,,,,,
checkpoint,5.7 - Coating Application Guarantee,,,,,,,
label,Reference - VicRoads:,,,,,,,
label, — Section 685.06 (b),,,,,,,
label, — Section 686.05 (a),,,,,,,
label,"Acceptance Criteria - Application shall be guaranteed to last for 10 years of outdoor exposure and for anti-graffiti coatings, have at least 8 cycles of graffiti defacement and removal from the date of application.",,,,,,,
label,○ Attach: Coating Application Guarantee,,,,,,,
label,Method - Document Review,,,,,,,
label,Frequency - At completion of works,,,,,,,
label,Category - HP,,,,,,,
label,Responsibility - SE/PE/Site Supervisor,,,,,,,
label,Verifying Documents - This ITP,,,,,,,
date,Date Completed:,,,,,,,
holdpoint,AUTHORITY HOLDPOINT,,,,,,,
checkpoint,5.8 - Repair to Damaged Coating,,,,,,,
label,Reference - VicRoads:,,,,,,,
label, — Section 686.17,,,,,,,
label,Acceptance Criteria - Any damage to the coating during the construction period shall be repaired to the full extent of the system requirements.,,,,,,,
label,Method - Visual,,,,,,,
label,Frequency - Where required,,,,,,,
label,Category - IP,,,,,,,
label,Responsibility - SE/PE/Site Supervisor,,,,,,,
label,Verifying Documents - This ITP,,,,,,,
date,Date Completed:,,,,,,,
checkpoint,5.9 - Non-conformance Report (NCR) Closure,,,,,,,
label,Reference - MRPA Quality Management Plan,,,,,,,
label,"Acceptance Criteria - Ensure that any NCRs pertaining to the lot / element / Work area that this ITP covers, have been closed in CAMs.",,,,,,,
label,Method - Document Review,,,,,,,
label,"Frequency - Once, prior to closure of this lot",,,,,,,
label,Category - HP,,,,,,,
label,Responsibility - SE/PE/Site Supervisor,,,,,,,
label,Verifying Documents - This ITP,,,,,,,
date,Date Completed:,,,,,,,
holdpoint,AUTHORITY HOLDPOINT,,,,,,,
checkpoint,Final Inspection,,,,,,,
label,"On behalf of Metropolitan Roads Program Alliance, it is hereby certified that the Works represented by the item of work listed have been tested in accordance with the Project Quality Plan and conform in all respects with the requirements of the Contract.",,,,,,,
textbox,Name:,,,,,,,
textbox,Position:,,,,,,,
textbox,Date Completed:,,,,,,,
signoff,Sign ITP,,,,,,,
