ÿ"Matrix Name","Dimension","Name","Type / Data Field","Tag 1","Tag 2"
"Interior Fit Out Progress"
,"Scope",,,"apartments - interior fitout"
,"Rows"
,,"Basement B1 - Carpark","grouping","basement b1","carpark"
,,"Zone 1","expanded","basement b1","zone 1","carpark"
,,"B1 -Zone 2 (Grid 6-12 & A-F)","expanded","basement b1","carpark","b1 -zone 2 (grid 6-12 & a-f)"
,,"B1- Zone 3(Grid 6-12 & F-K)","expanded","basement b1","b1- zone 3(grid 6-12 & f-k)","carpark"
,,"B1- Zone 4 (Grid 1-6 & G -K)","expanded","basement b1","carpark","b1- zone 4 (grid 1-6 & g -k)"
,,"B1-Zone 5 ( Grid 6-12 K-N)","expanded","basement b1","b1-zone 5 ( grid 6-12 k-n)","carpark"
,,"B1- Zone 6(Grid 1-6 & K-N)","expanded","b1- zone 6(grid 1-6 & k-n)","basement b1","carpark"
,,"Basement B1 - B1-Common Areas","grouping","basement b1","b1-common areas"
,,"B1-Stair 1","expanded","basement b1","b1-common areas","b1-stair 1"
,,"B1-Stair 2","expanded","basement b1","b1-common areas","b1-stair 2"
,,"B1-Refuse 1","expanded","basement b1","b1-refuse 1","b1-common areas"
,,"B1-Refuse 4","expanded","b1-refuse 4","basement b1","b1-common areas"
,,"B1-Entry 01","expanded","basement b1","b1-common areas","b1-entry 01"
,,"B1-Entry 02","expanded","b1-entry 02","basement b1","b1-common areas"
,,"B1-Entry 03","expanded","basement b1","b1-common areas","b1-entry 03"
,,"Basement B1 - B1- Service Spaces","grouping","basement b1","b1- service spaces"
,,"B1-Fan 1","expanded","basement b1","b1- service spaces","b1-fan 1"
,,"B1-Plenum 1","expanded","basement b1","b1-plenum 1","b1- service spaces"
,,"B1-Lift 1/2- Shaft/Pit","expanded","basement b1","b1- service spaces","b1-lift 1/2- shaft/pit"
,,"B1-Lift 3/4-Shaft/Pit","expanded","basement b1","b1-lift 3/4-shaft/pit","b1- service spaces"
,,"B1-Lift 5- Shaft/Pit","expanded","b1-lift 5- shaft/pit","basement b1","b1- service spaces"
,,"B1- Lift 6-Shaft/Pit","expanded","basement b1","b1- lift 6-shaft/pit","b1- service spaces"
,,"B1-Lift 7 - Shaft/Pit","expanded","basement b1","b1-lift 7 - shaft/pit","b1- service spaces"
,,"B1-Stair 1 Service Duct","expanded","basement b1","b1-stair 1 service duct","b1- service spaces"
,,"B1-Stair 2 -Service Duct 1","expanded","basement b1","b1-stair 2 -service duct 1","b1- service spaces"
,,"B1-Stair 2 -Service Duct 2","expanded","basement b1","b1-stair 2 -service duct 2","b1- service spaces"
,,"B1-Sprinkler Tank Room","expanded","b1-sprinkler tank room","basement b1","b1- service spaces"
,,"B1-Plenum (Behind Sprinkler Room)","expanded","basement b1","b1- service spaces","b1-plenum (behind sprinkler room)"
,,"B1-Riser 01","expanded","basement b1","b1-riser 01","b1- service spaces"
,,"B1-DB Cupboard 01","expanded","basement b1","b1-db cupboard 01","b1- service spaces"
,,"Lower Ground (LG) - LG-Tenancies","grouping","lower ground (lg)","lg-tenancies"
,,"LG-S001 (Subway)","expanded","lower ground (lg)","lg-s001 (subway)","lg-tenancies"
,,"LG-S002 (F & B)","expanded","lg-s002 (f & b)","lower ground (lg)","lg-tenancies"
,,"LG-S003 (Retail)","expanded","lg-s003 (retail)","lower ground (lg)","lg-tenancies"
,,"LG-M0001 (Farmers)","expanded","lower ground (lg)","lg-m0001 (farmers)","lg-tenancies"
,,"LG Storage 01","expanded","lg storage 01","lower ground (lg)","lg-tenancies"
,,"LG-Storage 02","expanded","lower ground (lg)","lg-storage 02","lg-tenancies"
,,"LG -Storage 04","expanded","lg -storage 04","lower ground (lg)","lg-tenancies"
,,"Lower Ground (LG) - LG -Carpark","grouping","lower ground (lg)","lg -carpark"
,,"LG-Zone 4 (Grid 1-6 & G -K)","expanded","lower ground (lg)","lg -carpark","lg-zone 4 (grid 1-6 & g -k)"
,,"LG-Zone 5 ( Grids 6-12 & K-N)","expanded","lower ground (lg)","lg -carpark","lg-zone 5 ( grids 6-12 & k-n)"
,,"LG-Zone 6 (Grid 1-6 & K-N)","expanded","lower ground (lg)","lg -carpark","lg-zone 6 (grid 1-6 & k-n)"
,,"Lower Ground (LG) - LG-Common Spaces","grouping","lower ground (lg)","lg-common spaces"
,,"LG-Stair 1","expanded","lg-stair 1","lower ground (lg)","lg-common spaces"
,,"LG-Stair 2","expanded","lower ground (lg)","lg-stair 2","lg-common spaces"
,,"Stair 3","expanded","lower ground (lg)","stair 3","lg-common spaces"
,,"Stair 4","expanded","lower ground (lg)","stair 4","lg-common spaces"
,,"LG-Stair 5","expanded","lg-stair 5","lower ground (lg)","lg-common spaces"
,,"LG-Stair 6","expanded","lower ground (lg)","lg-stair 6","lg-common spaces"
,,"LG-Refuse 02","expanded","lg-refuse 02","lower ground (lg)","lg-common spaces"
,,"LG-Entry 08","expanded","lower ground (lg)","lg-entry 08","lg-common spaces"
,,"LG-Entry 09","expanded","lower ground (lg)","lg-entry 09","lg-common spaces"
,,"LG-Lift Lobby 1&2","expanded","lg-lift lobby 1&2","lower ground (lg)","lg-common spaces"
,,"LG-Escalator /Void","expanded","lower ground (lg)","lg-common spaces","lg-escalator /void"
,,"LG-Egress Corridor 01","expanded","lg-egress corridor 01","lower ground (lg)","lg-common spaces"
,,"LG-Egress Corridor 02","expanded","lower ground (lg)","lg-egress corridor 02","lg-common spaces"
,,"Lower Ground (LG) - LG-Service Areas","grouping","lower ground (lg)","lg-service areas"
,,"LG- Lift 1& 2 Shaft","expanded","lower ground (lg)","lg-service areas","lg- lift 1& 2 shaft"
,,"LG-Lift 3&4 Shaft","expanded","lg-lift 3&4 shaft","lower ground (lg)","lg-service areas"
,,"LG-Lift 5 Shaft","expanded","lower ground (lg)","lg-lift 5 shaft","lg-service areas"
,,"LG-Lift 6 - Shaft","expanded","lower ground (lg)","lg-lift 6 - shaft","lg-service areas"
,,"LG- Lift 7 - Shaft","expanded","lower ground (lg)","lg-service areas","lg- lift 7 - shaft"
,,"LG-Service 04","expanded","lower ground (lg)","lg-service 04","lg-service areas"
,,"LG-Service 02","expanded","lower ground (lg)","lg-service areas","lg-service 02"
,,"LG-Services Duct Stair 01","expanded","lower ground (lg)","lg-service areas","lg-services duct stair 01"
,,"LG- Service Ducts(2) Stair 02","expanded","lg- service ducts(2) stair 02","lower ground (lg)","lg-service areas"
,,"LG-Carpark Extract 02","expanded","lower ground (lg)","lg-service areas","lg-carpark extract 02"
,,"LG-Services 02","expanded","lg-services 02","lower ground (lg)","lg-service areas"
,,"LG-Service Duct Storeroom 4","expanded","lower ground (lg)","lg-service areas","lg-service duct storeroom 4"
,,"LG-Carpark Extract Riser 1","expanded","lower ground (lg)","lg-carpark extract riser 1","lg-service areas"
,,"LG-Carpark Extract 06","expanded","lower ground (lg)","lg-service areas","lg-carpark extract 06"
,,"LG -DB Cupboard 01 (LG)","expanded","lower ground (lg)","lg -db cupboard 01 (lg)","lg-service areas"
,,"LG-Duct Around Lift 7","expanded","lower ground (lg)","lg-duct around lift 7","lg-service areas"
,,"LG- Duct Egress Corridor 01","expanded","lower ground (lg)","lg-service areas","lg- duct egress corridor 01"
,,"LG-Service 10","expanded","lg-service 10","lower ground (lg)","lg-service areas"
,,"Lower Ground Mezz(LGm) - LGm-Carpark","grouping","lower ground mezz(lgm)","lgm-carpark"
,,"LG -Zone 4(Grid 1-6 & G-K)","expanded","lower ground mezz(lgm)","lg -zone 4(grid 1-6 & g-k)","lgm-carpark"
,,"LG -Zone 6(Grid 1-6 & K-N)","expanded","lg -zone 6(grid 1-6 & k-n)","lower ground mezz(lgm)","lgm-carpark"
,,"Lower Ground Mezz(LGm) - LGm-Common Space","grouping","lower ground mezz(lgm)","lgm-common space"
,,"LGm -Egress Common Room 01","expanded","lower ground mezz(lgm)","lgm-common space","lgm -egress common room 01"
,,"LGm-Store Room 6","expanded","lower ground mezz(lgm)","lgm-store room 6","lgm-common space"
,,"Lower Ground Mezz(LGm) - LGm-Service Spaces","grouping","lgm-service spaces","lower ground mezz(lgm)"
,,"LGm-Gas Room","expanded","lgm-gas room","lgm-service spaces","lower ground mezz(lgm)"
,,"LGm-Carpark Extract riser 02","expanded","lgm-service spaces","lgm-carpark extract riser 02","lower ground mezz(lgm)"
,,"LGm-Store 01","expanded","lgm-service spaces","lgm-store 01","lower ground mezz(lgm)"
,,"LGm- DB Board 01","expanded","lgm-service spaces","lower ground mezz(lgm)","lgm- db board 01"
,,"LGm- Service 3","expanded","lgm-service spaces","lower ground mezz(lgm)","lgm- service 3"
,,"Upper Ground(UG) - UG-Tenancies","grouping","upper ground(ug)","ug-tenancies"
,,"UG-Farmers Retail","expanded","upper ground(ug)","ug-tenancies","ug-farmers retail"
,,"UG-Farmers BOH","expanded","upper ground(ug)","ug-tenancies","ug-farmers boh"
,,"UG-S101 F & B","expanded","upper ground(ug)","ug-tenancies","ug-s101 f & b"
,,"UG-S102 F & B","expanded","ug-s102 f & b","upper ground(ug)","ug-tenancies"
,,"UG- Terrace 01","expanded","ug- terrace 01","upper ground(ug)","ug-tenancies"
,,"UG-S103 F & B","expanded","upper ground(ug)","ug-tenancies","ug-s103 f & b"
,,"UG- S105 Retail","expanded","upper ground(ug)","ug- s105 retail","ug-tenancies"
,,"UG- S106 Retail","expanded","upper ground(ug)","ug-tenancies","ug- s106 retail"
,,"Upper Ground(UG) - UG- Common Areas","grouping","upper ground(ug)","ug- common areas"
,,"UG-Entry 07","expanded","upper ground(ug)","ug- common areas","ug-entry 07"
,,"UG-Terrace 01","expanded","upper ground(ug)","ug- common areas","ug-terrace 01"
,,"UG-Public Corridor 02","expanded","upper ground(ug)","ug-public corridor 02","ug- common areas"
,,"UG-Stair 01","expanded","upper ground(ug)","ug- common areas","ug-stair 01"
,,"UG-Refuse 03","expanded","upper ground(ug)","ug- common areas","ug-refuse 03"
,,"UG-Stair 03","expanded","ug-stair 03","upper ground(ug)","ug- common areas"
,,"UG-Stair 5","expanded","upper ground(ug)","ug- common areas","ug-stair 5"
,,"UG-Stair 02","expanded","upper ground(ug)","ug-stair 02","ug- common areas"
,,"UG-Stair 02a","expanded","upper ground(ug)","ug- common areas","ug-stair 02a"
,,"UG-Stair 04","expanded","upper ground(ug)","ug- common areas","ug-stair 04"
,,"UG-Stair 12","expanded","upper ground(ug)","ug- common areas","ug-stair 12"
,,"UG-Entry 4","expanded","upper ground(ug)","ug- common areas","ug-entry 4"
,,"UG-Lift 3&4 Lobby","expanded","ug-lift 3&4 lobby","upper ground(ug)","ug- common areas"
,,"UG-Stair 2 Lobby","expanded","upper ground(ug)","ug- common areas","ug-stair 2 lobby"
,,"UG-Store 06","expanded","upper ground(ug)","ug- common areas","ug-store 06"
,,"UG-Storage 05","expanded","upper ground(ug)","ug- common areas","ug-storage 05"
,,"UG-Egress Corridor 1","expanded","upper ground(ug)","ug- common areas","ug-egress corridor 1"
,,"UG-Refuse room ( UG)","expanded","upper ground(ug)","ug- common areas","ug-refuse room ( ug)"
,,"Upper Ground(UG) - UG-Carpark","grouping","upper ground(ug)","ug-carpark"
,,"UG-Zone 4 (Grid 1-6 & G -K)","expanded","upper ground(ug)","ug-zone 4 (grid 1-6 & g -k)","ug-carpark"
,,"UG-Zone 5(Grid 6-12 & K-N)","expanded","upper ground(ug)","ug-zone 5(grid 6-12 & k-n)","ug-carpark"
,,"UG-Zone 6 (Grid 1-6 & K-N)","expanded","upper ground(ug)","ug-zone 6 (grid 1-6 & k-n)","ug-carpark"
,,"Upper Ground(UG) - UG-Service Areas","grouping","upper ground(ug)","ug-service areas"
,,"UG-Service 03","expanded","upper ground(ug)","ug-service areas","ug-service 03"
,,"UG-Service 01","expanded","upper ground(ug)","ug-service areas","ug-service 01"
,,"UG-Service 02","expanded","upper ground(ug)","ug-service 02","ug-service areas"
,,"UG-Carpark Supply Air Duct","expanded","upper ground(ug)","ug-service areas","ug-carpark supply air duct"
,,"UG-Carpark Extract Riser 03","expanded","upper ground(ug)","ug-service areas","ug-carpark extract riser 03"
,,"UG-Gas Room","expanded","upper ground(ug)","ug-service areas","ug-gas room"
,,"Carpark Extract Riser 02","expanded","carpark extract riser 02","upper ground(ug)","ug-service areas"
,,"UG-Service 07","expanded","upper ground(ug)","ug-service areas","ug-service 07"
,,"UG-Services 06","expanded","upper ground(ug)","ug-service areas","ug-services 06"
,,"UG-High Voltage Room","expanded","upper ground(ug)","ug-high voltage room","ug-service areas"
,,"UG-MSB 01","expanded","upper ground(ug)","ug-service areas","ug-msb 01"
,,"UG-Hydraulics room","expanded","upper ground(ug)","ug-service areas","ug-hydraulics room"
,,"UG-MSB 02","expanded","upper ground(ug)","ug-service areas","ug-msb 02"
,,"UG-Sprinkler Valve room 1","expanded","upper ground(ug)","ug-sprinkler valve room 1","ug-service areas"
,,"Upper Ground Mezz(UGm) - UGm-Common Areas","grouping","ugm-common areas","upper ground mezz(ugm)"
,,"UGm-Bike Storage","expanded","ugm-bike storage","ugm-common areas","upper ground mezz(ugm)"
,,"UGm-Storage","expanded","ugm-common areas","upper ground mezz(ugm)","ugm-storage"
,,"UGm-End of Trip - Amenities","expanded","ugm-end of trip - amenities","ugm-common areas","upper ground mezz(ugm)"
,,"UGm-Stair 2","expanded","ugm-stair 2","ugm-common areas","upper ground mezz(ugm)"
,,"UGm-Stair 1","expanded","ugm-stair 1","ugm-common areas","upper ground mezz(ugm)"
,,"UGm-Stair 5","expanded","ugm-stair 5","ugm-common areas","upper ground mezz(ugm)"
,,"UGm-Stair 04","expanded","ugm-stair 04","ugm-common areas","upper ground mezz(ugm)"
,,"Upper Ground Mezz(UGm) - UGm-Carpark","grouping","ugm-carpark","upper ground mezz(ugm)"
,,"UGm-Zone 4( Grids 1-6 & G-K)","expanded","ugm-carpark","upper ground mezz(ugm)","ugm-zone 4( grids 1-6 & g-k)"
,,"UGm-zone 6(Grids 1-6 & K-N)","expanded","ugm-carpark","upper ground mezz(ugm)","ugm-zone 6(grids 1-6 & k-n)"
,,"Upper Ground Mezz(UGm) - UGm-Service Area","grouping","ugm-service area","upper ground mezz(ugm)"
,,"UGm-Services 10","expanded","ugm-services 10","ugm-service area","upper ground mezz(ugm)"
,,"UGm-Services 11","expanded","ugm-service area","upper ground mezz(ugm)","ugm-services 11"
,,"UGm-Services Corridor 08","expanded","ugm-service area","ugm-services corridor 08","upper ground mezz(ugm)"
,,"UGm-Service Area","expanded","ugm-service area","upper ground mezz(ugm)"
,,"UGm-Stair 5","expanded","ugm-service area","ugm-stair 5","upper ground mezz(ugm)"
,,"UGm-Stair 04","expanded","ugm-stair 04","ugm-service area","upper ground mezz(ugm)"
,,"UGm-Lift Shaft 6","expanded","ugm-service area","upper ground mezz(ugm)","ugm-lift shaft 6"
,,"UGm-Lift Shaft 1& 2","expanded","ugm-service area","upper ground mezz(ugm)","ugm-lift shaft 1& 2"
,,"UGm-Lift Shaft 3&4","expanded","ugm-lift shaft 3&4","ugm-service area","upper ground mezz(ugm)"
,,"UGm-Lift Shaft 7","expanded","ugm-lift shaft 7","ugm-service area","upper ground mezz(ugm)"
,"Columns"
,,"Structural Remedials",,"structural remedials"
,,"Walls Services Preline",,"walls services preline"
,,"Wall Preline Approval",,"wall preline approval"
,,"Ceiling Preline",,"ceiling preline"
,,"Wall Lining",,"wall lining"
,,"Ceiling Lining",,"ceiling lining"
,,"Joinery",,"joinery"
,,"Flooring",,"flooring"
,,"Framing / Strapping",,"framing / strapping"
,,"Aluminium Joinery",,"aluminium joinery"
,,"Common Area Floors",,"common area floors"
,,"Wall Finishes - Finishing Lines",,"finishing lines","wall finishes"
,,"Wall Finishes - Door Install",,"wall finishes","door install"
,,"Wall Finishes - Painting",,"painting","wall finishes"
,,"Wall Finishes - Electrical Final Fix Wall",,"wall finishes","electrical final fix wall"
,,"Wall Finishes - Plumbing Final Fix Wall",,"wall finishes","plumbing final fix wall"
,,"Wall Finishes - Mechanical Final Fix Walls",,"wall finishes","mechanical final fix walls"
,,"Wall Finishes - Fire Sprinklers & Alarms Final Fix Walls",,"fire sprinklers & alarms final fix walls","wall finishes"
,,"Wall Finishes - Wall Linings Check",,"wall linings check","wall finishes"
,,"Ceiling Finishes - Finishing Lines",,"ceiling finishes","finishing lines"
,,"Ceiling Finishes - Painting",,"ceiling finishes","painting"
,,"Ceiling Finishes - Electrical Final Fix Ceilings",,"ceiling finishes","electrical final fix ceilings"
,,"Ceiling Finishes - Plumbing Final Fix Ceiling",,"ceiling finishes","plumbing final fix ceiling"
,,"Ceiling Finishes - Mechanical Final Fix Ceilings",,"ceiling finishes","mechanical final fix ceilings"
,,"Ceiling Finishes - Fire Alarms Final Fix Ceiling",,"ceiling finishes","fire alarms final fix ceiling"
,,"Ceiling Finishes - Fire Sprinklers Final Fix Ceiling",,"ceiling finishes","fire sprinklers final fix ceiling"
,,"Ceiling Finishes - Security / Data / Comms Final Fix Ceiling",,"ceiling finishes","security / data / comms final fix ceiling"
,,"Ceiling Finishes - Linings Check Ceiling",,"ceiling finishes","linings check ceiling"

"Facade Progress - Lower & Upper Ground"
,"Scope",,
,"Rows"
,,"Lower Ground (To Underside of Upper Ground)","grouping","lower ground (to underside of upper ground)"
,,"Zone 1 - North Elevation ( Elizabeth Street )",,"zone 1 - north elevation ( elizabeth street )"
,,"Zone 1 West Elevation ( Laneway)",,"zone 1  west elevation ( laneway)"
,,"Zone 2 North Elevation ( Elizabeth Street)",,"zone 2 north elevation ( elizabeth street)"
,,"Upper Ground (Including Balustrade)","grouping","upper ground (including balustrade)"
,,"Zone 1- North Elevation ( Elizabeth Street)",,"zone 1- north elevation ( elizabeth street)"
,,"Zone 2 North Elevation (Elizabeth Street)",,"zone 2 north elevation (elizabeth street)"
,,"Zone 1 -West Elevation ( Laneway)",,"zone 1 -west elevation ( laneway)"
,,"Zone 4 -West Elevation ( Laneway)",,"zone  4 -west elevation ( laneway)"
,,"Zone 6 West Elevation ( Laneway)",,"zone 6 west elevation ( laneway)"
,,"Zone 6 South Elevation (1st Ave)",,"zone 6 south elevation (1st ave)"
,,"Zone 2 -East Elevation ( Devonport Road)",,"zone 2 -east elevation ( devonport road)"
,,"Zone 3 East Elevation (Devonport Road)",,"zone 3 east elevation (devonport road)"
,,"Zone 5- East Elevation (Devonport Road)",,"zone 5- east elevation (devonport road)"
,,"Zone 5- South Elevation(1st Ave)",,"zone 5- south elevation(1st ave)"
,"Columns"
,,"Secondary Steel",,"secondary steel"
,,"Steel Stud & Thermal Break",,"steel stud & thermal break"
,,"Cavity System - RAB",,"cavity system","rab"
,,"Cavity System - Building Wrap & Flashing Tape Installed",,"cavity system","building wrap & flashing tape installed"
,,"Cavity System - Air Sealing Installed",,"cavity system","air sealing installed"
,,"Cavity System - Cavity Batten",,"cavity system","cavity batten"
,,"Cavity System - Cavity Flashings",,"cavity system","cavity flashings"
,,"Cavity System - Passive Fire Works",,"cavity system","passive fire works"
,,"Windows & Doors",,"windows & doors"
,,"Exterior Cladding (sto)",,"exterior cladding (sto)"
,,"Exterior Cladding(Terracotta)",,"exterior cladding(terracotta)"
,,"Precast Panels ( Excludes Install of Panels)",,"precast panels ( excludes install of panels)"
,,"Screens",,"screens"
,,"Balustrades",,"balustrades"
,,"Soffits",,"soffits"
,,"Canopy Works",,"canopy works"
,,"Facade Completion",,"facade completion"

"Facade Progress - Tower 1 & 2"
,"Scope",,
,"Rows"
,,"Tower 1 - Level 1","grouping","tower 1 - level 1"
,,"Tower 1 - Level 1(North)",,"tower 1 - level 1(north)"
,,"Tower 1 - Level 1 (West)",,"tower 1 - level 1 (west)"
,,"Tower 1 - Level 1 (South)",,"tower 1 - level 1 (south)"
,,"Tower 1 - Level 1 (East)",,"tower 1 - level 1 (east)"
,,"Tower 1 - Level 2","grouping","tower 1 - level 2"
,,"Tower 1 -Level 2 (North)",,"tower 1 -level 2 (north)"
,,"Tower 1- Level 2 ( West)",,"tower 1- level 2 ( west)"
,,"Tower 1-Level 2 ( South)",,"tower 1-level 2 ( south)"
,,"Tower 1- Level 2 ( East)",,"tower 1- level 2 ( east)"
,,"Tower 1 Level 3","grouping","tower 1 level 3"
,,"Tower 1- Level 3 (North)",,"tower 1- level 3 (north)"
,,"Tower 1 - Level 3 (West)",,"tower 1 - level 3 (west)"
,,"Tower 1 - Level 3 (South)",,"tower 1 - level 3 (south)"
,,"Tower 1 - Level 3 (East)",,"tower 1 - level 3 (east)"
,,"Tower 1 Level 4","grouping","tower 1 level 4"
,,"Tower 1 - Level 4 (North)",,"tower 1 - level 4 (north)"
,,"Tower 1- Level 4 (West)",,"tower 1- level 4 (west)"
,,"Tower 1 -Level 4 (South)",,"tower 1 -level 4 (south)"
,,"Tower 1 -Level 4(East)",,"tower 1 -level 4(east)"
,,"Tower 1 Level 5","grouping","tower 1 level 5"
,,"Tower 1 -Level 5(North)",,"tower 1 -level 5(north)"
,,"Tower 1 - Level 5 (West)",,"tower 1 - level 5 (west)"
,,"Tower 1- Level 5(South)",,"tower 1- level 5(south)"
,,"Tower 1 - Level 5 (East)",,"tower 1 - level 5 (east)"
,,"Tower 1 Level 6","grouping","tower 1 level 6"
,,"Tower 1 -Level 6(North)",,"tower 1 -level 6(north)"
,,"Tower 1 - Level 6 (West)",,"tower 1 - level 6 (west)"
,,"Tower 1 - Level 6( South)",,"tower 1 - level 6( south)"
,,"Tower 1- Level 6 (East)",,"tower 1- level 6 (east)"
,,"Tower 1 Level 7","grouping","tower 1 level 7"
,,"Tower 1 - Level 7(North)",,"tower 1 - level 7(north)"
,,"Tower 1 - Level 7 (West)",,"tower 1 - level 7 (west)"
,,"Tower 1 -Level 7 (South)",,"tower 1 -level 7 (south)"
,,"Tower 1- Level 7(East)",,"tower 1- level 7(east)"
,,"Tower 1 Level 8","grouping","tower 1 level 8"
,,"Tower 1 -Level 8 (North)",,"tower 1 -level 8 (north)"
,,"Tower 1 -Level 8(West)",,"tower 1 -level 8(west)"
,,"Tower 1 -Level 8 (South)",,"tower 1 -level 8 (south)"
,,"Tower 1 -Level 8 (East)",,"tower 1 -level 8 (east)"
,,"Tower 1 Level 9","grouping","tower 1 level 9"
,,"Tower 1- Level 9 (North)",,"tower 1- level 9 (north)"
,,"Tower 1 - Level 9 (West)",,"tower 1 - level 9 (west)"
,,"Tower 1 -Level 9 ( South)",,"tower 1 -level 9 ( south)"
,,"Tower 1 - Level 9(East)",,"tower 1 - level 9(east)"
,,"Tower 1 Level 10","grouping","tower 1 level 10"
,,"Tower 1- Level 10 (North)",,"tower 1- level 10 (north)"
,,"Tower 1 - Level 10 (West)",,"tower 1 - level 10 (west)"
,,"Tower 1 -Level 10 ( South)",,"tower 1 -level 10 ( south)"
,,"Tower 1 - Level 10 (East)",,"tower 1 - level 10 (east)"
,,"Tower 1 Roof",,"tower 1 roof"
,,"Tower 1 - Roof (Complete)",,"tower 1 - roof (complete)"
,,"Tower 2 - Level 1","grouping","tower 2 - level 1"
,,"Tower 2 Level 1 (North)",,"tower 2 level 1 (north)"
,,"Tower 2 - Level 1 (West)",,"tower 2 - level 1 (west)"
,,"Tower 2 - Level 1 (South)",,"tower 2 - level 1 (south)"
,,"Tower 2 - Level 1 (East)",,"tower 2 - level 1 (east)"
,,"Tower 2 - Level 2","grouping","tower 2 - level 2"
,,"Tower 2 - Level 2 (North)",,"tower 2 - level 2 (north)"
,,"Tower 2 - Level 2 ( West)",,"tower 2 - level 2 ( west)"
,,"Tower 2 - Level 2 ( South)",,"tower 2 - level 2 ( south)"
,,"Tower 2 - Level 2 ( East)",,"tower 2 - level 2 ( east)"
,,"Tower 2 - Level 3","grouping","tower 2 - level 3"
,,"Tower 2 - Level 3 (North)",,"tower 2 - level 3 (north)"
,,"Tower 2 - Level 3 (West)",,"tower 2 - level 3 (west)"
,,"Tower 2 - Level 3 (South)",,"tower 2 - level 3 (south)"
,,"Tower 2 - Level 3 (East)",,"tower 2 - level 3 (east)"
,,"Tower 2 - Level 4","grouping","tower 2 - level 4"
,,"Tower 2 - Level 4 (North)",,"tower 2 - level 4 (north)"
,,"Tower 2 - Level 4 (West)",,"tower 2 - level 4 (west)"
,,"Tower 2 - Level 4 (South)",,"tower 2 - level 4 (south)"
,,"Tower 2 - Level 4 (East)",,"tower 2 - level 4 (east)"
,,"Tower 2 - Level 5","grouping","tower 2 - level 5"
,,"Tower 2 - Level 5 (North)",,"tower 2 - level 5 (north)"
,,"Tower 2 - Level 5 (West)",,"tower 2 - level 5 (west)"
,,"Tower 2 - Level 5 (South)",,"tower 2 - level 5 (south)"
,,"Tower 2 - Level 5 (East)",,"tower 2 - level 5 (east)"
,,"Tower 2 - Level 6","grouping","tower 2 - level 6"
,,"Tower 2 - Level 6 (North)",,"tower 2 - level 6 (north)"
,,"Tower 2 - Level 6 (West)",,"tower 2 - level 6 (west)"
,,"Tower 2 - Level 6 (South)",,"tower 2 - level 6 (south)"
,,"Tower 2 - Level 6 (East)",,"tower 2 - level 6 (east)"
,,"Tower 2 - Level 7","grouping","tower 2 - level 7"
,,"Tower 2 - Level 7(North)",,"tower 2 - level 7(north)"
,,"Tower 2 - Level 7 (West)",,"tower 2 - level 7 (west)"
,,"Tower 2 - Level 7 (South)",,"tower 2 - level 7 (south)"
,,"Tower 2 - Level 7(East)",,"tower 2 - level 7(east)"
,,"Tower 2 - Level 8","grouping","tower 2 - level 8"
,,"Tower 2 - Level 8 (North)",,"tower 2 - level 8 (north)"
,,"Tower 2 - Level 8(West)",,"tower 2 - level 8(west)"
,,"Tower 2 - Level 8 (South)",,"tower 2 - level 8 (south)"
,,"Tower 2 - Level 8 (East)",,"tower 2 - level 8 (east)"
,,"Tower 2 - Level 9","grouping","tower 2 - level 9"
,,"Tower 2 - Level 9 (North)",,"tower 2 - level 9 (north)"
,,"Tower 2 - Level 9 (West)",,"tower 2 - level 9 (west)"
,,"Tower 2 - Level 9 ( South)",,"tower 2 - level 9 ( south)"
,,"Tower 2 - Level 9(East)",,"tower 2 - level 9(east)"
,,"Tower 2 (East) Roof","grouping","tower 2 (east) roof"
,,"Tower 2 - Roof (Complete)",,"tower 2 - roof (complete)"
,"Columns"
,,"Steel Stud & Thermal Break",,"steel stud & thermal break"
,,"Cavity System - RAB",,"cavity system","rab"
,,"Cavity System - Building Wrap & Flashing Tape Installed",,"cavity system","building wrap & flashing tape installed"
,,"Cavity System - Air Sealing Installed",,"cavity system","air sealing installed"
,,"Cavity System - Cavity Batten",,"cavity system","cavity batten"
,,"Cavity System - Cavity Flashings",,"cavity system","cavity flashings"
,,"Cavity System - Passive Fire Works",,"cavity system","passive fire works"
,,"Windows & Doors",,"windows & doors"
,,"Exterior Cladding (sto)",,"exterior cladding (sto)"
,,"Exterior Cladding(Terracotta)",,"exterior cladding(terracotta)"
,,"Balustrades",,"balustrades"
,,"Soffits",,"soffits"
,,"Exterior balconies & Tiling",,"exterior balconies & tiling"
,,"Metal Roof",,"metal roof"
,,"Roof Membrane",,"roof membrane"

"Interior Fitout - Tower 1 (West)"
,"Scope",,,"apartments - interior fitout"
,"Rows"
,,"Level 4 - L1 Apartments","grouping","l1 apartments","tower 1 (west - new)","level 4 (prev. level 1)"
,,"L1 - Apartment 401","expanded","l1 apartments","tower 1 (west - new)","level 4 (prev. level 1)","l1 - apartment 401"
,,"L1 - Apartment 402","expanded","l1 apartments","tower 1 (west - new)","l1 - apartment 402","level 4 (prev. level 1)"
,,"L1 - Apartment 403","expanded","l1 apartments","tower 1 (west - new)","l1 - apartment 403","level 4 (prev. level 1)"
,,"L1 - Apartment 404","expanded","l1 apartments","tower 1 (west - new)","l1 - apartment 404","level 4 (prev. level 1)"
,,"L1 - Apartment 405","expanded","l1 apartments","tower 1 (west - new)","l1 - apartment 405","level 4 (prev. level 1)"
,,"Level 4 - Common Areas","grouping","common areas","tower 1 (west - new)","level 4 (prev. level 1)"
,,"Corridor","expanded","tower 1 (west - new)","corridor","common areas","level 4 (prev. level 1)"
,,"Stair","expanded","tower 1 (west - new)","stair","common areas","level 4 (prev. level 1)"
,,"Level 5 - L2 Apartments","grouping","level 5 (prev. level 2)","tower 1 (west - new)","l2 apartments"
,,"L2 - Apartment 502","expanded","level 5 (prev. level 2)","tower 1 (west - new)","l2 - apartment 502","l2 apartments"
,,"L2 - Apartment 503","expanded","level 5 (prev. level 2)","tower 1 (west - new)","l2 - apartment 503","l2 apartments"
,,"L2 - Apartment 504","expanded","level 5 (prev. level 2)","tower 1 (west - new)","l2 apartments","l2 - apartment 504"
,,"L2 - Apartment 505","expanded","level 5 (prev. level 2)","tower 1 (west - new)","l2 apartments","l2 - apartment 505"
,,"L2 - Apartment 506","expanded","level 5 (prev. level 2)","l2 - apartment 506","tower 1 (west - new)","l2 apartments"
,,"L2 - Apartment 501","expanded","level 5 (prev. level 2)","tower 1 (west - new)","l2 - apartment 501","l2 apartments"
,,"Level 5 - L2 Common Areas","grouping","level 5 (prev. level 2)","l2 common areas","tower 1 (west - new)"
,,"Public Corridor/ Lift Lobby","expanded","level 5 (prev. level 2)","tower 1 (west - new)","public corridor/ lift lobby","l2 common areas"
,,"Stairs","expanded","level 5 (prev. level 2)","tower 1 (west - new)","l2 common areas","stairs"
,,"Level 6 - L3 Apartments","grouping","l3 apartments","tower 1 (west - new)","level 6 (prev. level 3)"
,,"L3 - Apartment 601","expanded","tower 1 (west - new)","level 6 (prev. level 3)","l3 apartments","l3 - apartment 601"
,,"L3 - Apartment 602","expanded","tower 1 (west - new)","level 6 (prev. level 3)","l3 - apartment 602","l3 apartments"
,,"L3 - Apartment 603","expanded","tower 1 (west - new)","level 6 (prev. level 3)","l3 apartments","l3 - apartment 603"
,,"L3 - Apartment 604","expanded","tower 1 (west - new)","l3 - apartment 604","level 6 (prev. level 3)","l3 apartments"
,,"L3 - Apartment 605","expanded","tower 1 (west - new)","level 6 (prev. level 3)","l3 - apartment 605","l3 apartments"
,,"L3 - Apartment 606","expanded","l3 - apartment 606","tower 1 (west - new)","level 6 (prev. level 3)","l3 apartments"
,,"Level 6 - L3 Common Areas","grouping","tower 1 (west - new)","l3 common areas","level 6 (prev. level 3)"
,,"Corridor","expanded","tower 1 (west - new)","corridor","level 6 (prev. level 3)","l3 common areas"
,,"Stair","expanded","tower 1 (west - new)","level 6 (prev. level 3)","stair","l3 common areas"
,,"Level 7 - L4 Apartments","grouping","level 7 (prev. level 4)","l4 apartments","tower 1 (west - new)"
,,"L4 - Apartment 701","expanded","l4 apartments","tower 1 (west - new)","level 7 (prev. level 4)","l4 - apartment 701"
,,"L4 - Apartment 702","expanded","l4 apartments","tower 1 (west - new)","l4 - apartment 702","level 7 (prev. level 4)"
,,"L4 - Apartment 703","expanded","l4 apartments","tower 1 (west - new)","l4 - apartment 703","level 7 (prev. level 4)"
,,"L4 - Apartment 704","expanded","l4 apartments","l4 - apartment 704","tower 1 (west - new)","level 7 (prev. level 4)"
,,"L4 - Apartment 705","expanded","l4 apartments","l4 - apartment 705","tower 1 (west - new)","level 7 (prev. level 4)"
,,"L4 - Apartment 706","expanded","l4 apartments","tower 1 (west - new)","level 7 (prev. level 4)","l4 - apartment 706"
,,"Level 7 - Common Areas","grouping","level 7 (prev. level 4)","common areas","tower 1 (west - new)"
,,"Corridor","expanded","tower 1 (west - new)","corridor","level 7 (prev. level 4)","common areas"
,,"Stair","expanded","tower 1 (west - new)","stair","level 7 (prev. level 4)","common areas"
,,"Level 8  - L5 Apartments","grouping","tower 1 (west - new)","l5 apartments","level 8 (prev. level 5)"
,,"L5 - Apartment 801","expanded","tower 1 (west - new)","l5 apartments","l5 - apartment 801","level 8 (prev. level 5)"
,,"L5 - Apartment 802","expanded","tower 1 (west - new)","l5 apartments","level 8 (prev. level 5)","l5 - apartment 802"
,,"L5 - Apartment 803","expanded","tower 1 (west - new)","l5 apartments","l5 - apartment 803","level 8 (prev. level 5)"
,,"L5 - Apartment 804","expanded","l5 - apartment 804","tower 1 (west - new)","l5 apartments","level 8 (prev. level 5)"
,,"L5 - Apartment 805","expanded","l5 - apartment 805","tower 1 (west - new)","l5 apartments","level 8 (prev. level 5)"
,,"L5 - Apartment 806","expanded","tower 1 (west - new)","l5 apartments","l5 - apartment 806","level 8 (prev. level 5)"
,,"Level 8  - Common Areas","grouping","common areas","tower 1 (west - new)","level 8 (prev. level 5)"
,,"Corridor","expanded","tower 1 (west - new)","corridor","common areas","level 8 (prev. level 5)"
,,"Stair","expanded","tower 1 (west - new)","stair","common areas","level 8 (prev. level 5)"
,,"Level 9  - L6 Apartments","grouping","level 9 (prev. level 6)","tower 1 (west - new)","l6 apartments"
,,"L6 - Apartment 901","expanded","level 9 (prev. level 6)","tower 1 (west - new)","l6 apartments","l6 - apartment 901"
,,"L6 - Apartment 902","expanded","level 9 (prev. level 6)","tower 1 (west - new)","l6 apartments","l6 - apartment 902"
,,"L6 - Apartment 903","expanded","level 9 (prev. level 6)","tower 1 (west - new)","l6 - apartment 903","l6 apartments"
,,"L6 - Apartment 904","expanded","level 9 (prev. level 6)","l6 - apartment 904","tower 1 (west - new)","l6 apartments"
,,"L6 - Apartment 905","expanded","level 9 (prev. level 6)","l6 - apartment 905","tower 1 (west - new)","l6 apartments"
,,"Level 9  - Common Areas","grouping","level 9 (prev. level 6)","common areas","tower 1 (west - new)"
,,"Corridor","expanded","level 9 (prev. level 6)","tower 1 (west - new)","corridor","common areas"
,,"Stair","expanded","level 9 (prev. level 6)","tower 1 (west - new)","stair","common areas"
,,"Level 10 - L7 Apartments","grouping","level 10 (prev. level 7)","l7 apartments","tower 1 (west - new)"
,,"L7 - Apartment 1001","expanded","level 10 (prev. level 7)","l7 apartments","tower 1 (west - new)","l7 - apartment 1001"
,,"L7 - Apartment 1002","expanded","level 10 (prev. level 7)","l7 apartments","tower 1 (west - new)","l7 - apartment 1002"
,,"L7 - Apartment 1003","expanded","level 10 (prev. level 7)","l7 apartments","tower 1 (west - new)","l7 - apartment 1003"
,,"L7 - Apartment 1004","expanded","level 10 (prev. level 7)","l7 apartments","tower 1 (west - new)","l7 - apartment 1004"
,,"L7 - Apartment 1005","expanded","level 10 (prev. level 7)","l7 apartments","tower 1 (west - new)","l7 - apartment 1005"
,,"Level 10  - Common Areas","grouping","level 10 (prev. level 7)","common areas","tower 1 (west - new)"
,,"Corridor","expanded","level 10 (prev. level 7)","tower 1 (west - new)","corridor","common areas"
,,"Stair","expanded","level 10 (prev. level 7)","tower 1 (west - new)","stair","common areas"
,,"Level 11 - L8 Apartments","grouping","tower 1 (west - new)","l8 apartments","level 11 (prev. level 8)"
,,"L8 - Apartment 1101","expanded","l8 - apartment 1101","tower 1 (west - new)","l8 apartments","level 11 (prev. level 8)"
,,"L8 - Apartment 1102","expanded","l8 - apartment 1102","tower 1 (west - new)","l8 apartments","level 11 (prev. level 8)"
,,"L8 - Apartment 1103","expanded","tower 1 (west - new)","l8 apartments","level 11 (prev. level 8)","l8 - apartment 1103"
,,"L8 - Apartment 1104","expanded","tower 1 (west - new)","l8 apartments","level 11 (prev. level 8)","l8 - apartment 1104"
,,"L8 - Apartment 1105","expanded","tower 1 (west - new)","l8 apartments","l8 - apartment 1105","level 11 (prev. level 8)"
,,"Level 11 -  L8 Common Areas","grouping","l8 common areas","tower 1 (west - new)","level 11 (prev. level 8)"
,,"Corridor","expanded","tower 1 (west - new)","corridor","l8 common areas","level 11 (prev. level 8)"
,,"Stair","expanded","tower 1 (west - new)","stair","l8 common areas","level 11 (prev. level 8)"
,,"Level 12 - L9 Apartments","grouping","level 12 (prev. level 9)","l9 apartments","tower 1 (west - new)"
,,"L9 - Apartment 1201","expanded","l9 - apartment 1201","tower 1 (west - new)","level 12 (prev. level 9)","l9 apartments"
,,"L9 - Apartment 1202","expanded","l9 - apartment 1202","tower 1 (west - new)","level 12 (prev. level 9)","l9 apartments"
,,"L9 - Apartment 1203","expanded","tower 1 (west - new)","level 12 (prev. level 9)","l9 apartments","l9 - apartment 1203"
,,"L9 - Apartment 1204","expanded","tower 1 (west - new)","level 12 (prev. level 9)","l9 apartments","l9 - apartment 1204"
,,"L9 - Apartment 1205","expanded","tower 1 (west - new)","level 12 (prev. level 9)","l9 apartments","l9 - apartment 1205"
,,"Level 12 - L9 Common Areas","grouping","level 12 (prev. level 9)","tower 1 (west - new)","l9 common areas"
,,"Corridor","expanded","tower 1 (west - new)","corridor","l9 common areas","level 12 (prev. level 9)"
,,"Stair","expanded","tower 1 (west - new)","stair","l9 common areas","level 12 (prev. level 9)"
,,"Level 13 - L10 Apartments","grouping","level 13 (prev. level 10)","tower 1 (west - new)","l10 apartments"
,,"L10 - Apartment PH01","expanded","l10 - apartment ph01","tower 1 (west - new)","level 13 (prev. level 10)","l10 apartments"
,,"L10 - Apartment PH02","expanded","tower 1 (west - new)","level 13 (prev. level 10)","l10 - apartment ph02","l10 apartments"
,,"Level 13 - L10 Common Areas","grouping","level 13 (prev. level 10)","l10 common areas","tower 1 (west - new)"
,,"Corridor","expanded","tower 1 (west - new)","corridor","level 13 (prev. level 10)","l10 common areas"
,,"Stair","expanded","tower 1 (west - new)","stair","level 13 (prev. level 10)","l10 common areas"
,"Columns"
,,"Preline - Interior Framing Checklist",,"walls & ceiling preline checklist","interior framing checklist (including it)"
,,"Preline - Plumbing First Fix Walls & Ceilings",,"walls & ceiling preline checklist","plumbing first fix walls & ceilings"
,,"Preline - Fire Protection Walls & Ceilings",,"fire protection walls & ceilings (sprinklers & alarms)first fix","walls & ceiling preline checklist"
,,"Preline - Mechanical Services Wall & Ceilings",,"walls & ceiling preline checklist","mechanical services wall & ceilings first fix"
,,"Preline - Electrical Wall First Fix",,"electrical wall first fix (including data & security)","walls & ceiling preline checklist"
,,"Preline - Passive Fire Checklist",,"passive fire checklist","walls & ceiling preline checklist"
,,"Preline - Insulation Checklist Prior to Lining",,"walls & ceiling preline checklist","insulation checklist prior to lining"
,,"Preline - Preline Inspection Checklist",,"preline inspection checklist","walls & ceiling preline checklist"
,,"Preline - Preline Inspection Checklist",,"preline inspection checklist","walls & ceiling preline checklist"
,,"Preline - Ceiling Batten Installation",,"ceiling batten installation","walls & ceiling preline checklist"
,,"Lining - Gib Lining Checklist Ceilings",,"wall & ceiling lining checklist","gib lining checklist ceilings"
,,"Lining - Gib Stopping Checklist",,"wall & ceiling lining checklist","walls & ceilings gib stopping checklist"
,,"Lining - Postline Inspection Checklist",,"postline inspection checklist","wall & ceiling lining checklist"
,,"Lines & Trims - Finishing Lines Checklist",,"finishing lines checklist","doors / finishing lines & trims"
,,"Lines & Trims - Door Install Checklist",,"door install checklist","doors / finishing lines & trims"
,,"Painting Checklist",,"painting checklist"
,,"Services Second Fix - Electrical Final Fix Wall",,"services second fix","electrical final fix wall (including data & security)"
,,"Services Second Fix - Plumbing Final Fix Wall",,"services second fix","plumbing final fix wall"
,,"Services Second Fix - Mechanical Final Fix Walls",,"services second fix","mechanical final fix walls"
,,"Services Second Fix - Fire Sprinklers & Alarms Final Fix Walls",,"services second fix","fire sprinklers & alarms final fix walls"
,,"Services Second Fix - Wall & Ceiling Linings Check",,"wall & ceiling linings check","services second fix"
,,"Fitout / Finishing - General QA",,"fitout / finishing checklist","general qa"
,,"Fitout / Finishing - Kitchen Install QA",,"fitout / finishing checklist","kitchen install qa"
,,"Fitout / Finishing - Bathrooms",,"fitout / finishing checklist","bathrooms"
,,"Floors Checklist",,"floors checklist"
,,"Area Completion / Handover",,"area completion / handover"

"Interior Fitout - Tower 2 (East)"
,"Scope",,,"apartments - interior fitout"
,"Rows"
,,"Level 4- L1 Apartments","grouping","tower 2 (east - new)","l1 apartments","level 4 (prev. level 1)"
,,"L1 - Apartment 407","expanded","tower 2 (east - new)","l1 apartments","l1 - apartment 407","level 4 (prev. level 1)"
,,"L1 - Apartment 408","expanded","tower 2 (east - new)","l1 apartments","level 4 (prev. level 1)","l1 - apartment 408"
,,"L1 - Apartment 409","expanded","tower 2 (east - new)","l1 apartments","level 4 (prev. level 1)","l1 - apartment 409"
,,"L1 - Apartment 410","expanded","tower 2 (east - new)","l1 apartments","l1 - apartment 410","level 4 (prev. level 1)"
,,"L1 - Apartment 411","expanded","tower 2 (east - new)","l1 apartments","level 4 (prev. level 1)","l1 - apartment 411"
,,"Level 4 - Common Areas","grouping","tower 2 (east - new)","common areas","level 4 (prev. level 1)"
,,"Corridor/ Lift Lobby","expanded","tower 2 (east - new)","common areas","level 4 (prev. level 1)","corridor/ lift lobby"
,,"Stair","expanded","tower 2 (east - new)","stair","common areas","level 4 (prev. level 1)"
,,"Level 5  - L2 Apartments","grouping","tower 2 (east - new)","level 5 (prev. level 2)","l2 apartments"
,,"L2 - Apartment 507","expanded","tower 2 (east - new)","level 5 (prev. level 2)","l2 - apartment 507","l2 apartments"
,,"L2 - Apartment 508","expanded","tower 2 (east - new)","level 5 (prev. level 2)","l2 - apartment 508","l2 apartments"
,,"L2 - Apartment 509","expanded","tower 2 (east - new)","level 5 (prev. level 2)","l2 - apartment 509","l2 apartments"
,,"L2 - Apartment 510 - 2F","expanded","tower 2 (east - new)","level 5 (prev. level 2)","l2 - apartment 510 - 2f","l2 apartments"
,,"L2 - Apartment 511","expanded","tower 2 (east - new)","level 5 (prev. level 2)","l2 - apartment 511","l2 apartments"
,,"L2 - apartment 512","expanded","tower 2 (east - new)","level 5 (prev. level 2)","l2 - apartment 512","l2 apartments"
,,"Level 5  - Common Areas","grouping","tower 2 (east - new)","level 5 (prev. level 2)","common areas"
,,"Public Corridor/ Lift Lobby","expanded","tower 2 (east - new)","level 5 (prev. level 2)","public corridor/ lift lobby","common areas"
,,"Stair","expanded","tower 2 (east - new)","level 5 (prev. level 2)","stair","common areas"
,,"Level 6 - L3 Apartments","grouping","tower 2 (east - new)","l3 apartments","level 6 (prev. level 3)"
,,"L3 - Apartment 607","expanded","tower 2 (east - new)","l3 - apartment 607","level 6 (prev. level 3)","l3 apartments"
,,"L3 - Apartment 608","expanded","tower 2 (east - new)","level 6 (prev. level 3)","l3 apartments","l3 - apartment 608"
,,"L3 - Apartment 609","expanded","tower 2 (east - new)","level 6 (prev. level 3)","l3 apartments","l3 - apartment 609"
,,"L3 - Apartment 610","expanded","tower 2 (east - new)","l3 - apartment 610","level 6 (prev. level 3)","l3 apartments"
,,"L3 - Apartment 611","expanded","tower 2 (east - new)","level 6 (prev. level 3)","l3 apartments","l3 - apartment 611"
,,"L3 - Apartment 612","expanded","tower 2 (east - new)","level 6 (prev. level 3)","l3 apartments","l3 - apartment 612"
,,"Level 6 - Common Areas","grouping","tower 2 (east - new)","common areas","level 6 (prev. level 3)"
,,"Public Corridor/Lift Lobby","expanded","tower 2 (east - new)","level 6 (prev. level 3)","common areas","public corridor/lift lobby"
,,"Stair","expanded","tower 2 (east - new)","level 6 (prev. level 3)","stair","common areas"
,,"Level 7 - L4 Apartments","grouping","tower 2 (east - new)","level 7 (prev. level 4)","l4 apartments"
,,"L4 - Apartment 707","expanded","tower 2 (east - new)","l4 apartments","level 7 (prev. level 4)","l4 - apartment 707"
,,"L4 - Apartment 708","expanded","tower 2 (east - new)","l4 apartments","level 7 (prev. level 4)","l4 - apartment 708"
,,"L4 - Apartment 709","expanded","tower 2 (east - new)","l4 apartments","level 7 (prev. level 4)","l4 - apartment 709"
,,"L4 - Apartment 710","expanded","tower 2 (east - new)","l4 apartments","level 7 (prev. level 4)","l4 - apartment 710"
,,"L4 - Apartment 711","expanded","tower 2 (east - new)","l4 apartments","level 7 (prev. level 4)","l4 - apartment 711"
,,"L4 - Apartment 712","expanded","tower 2 (east - new)","l4 apartments","level 7 (prev. level 4)","l4 - apartment 712"
,,"Level 7 - L4 Common Areas","grouping","tower 2 (east - new)","level 7 (prev. level 4)","l4 common areas"
,,"Corridor","expanded","tower 2 (east - new)","corridor","l4 common areas","level 7 (prev. level 4)"
,,"Stair","expanded","tower 2 (east - new)","l4 common areas","stair","level 7 (prev. level 4)"
,,"Level 8 - L5 Apartments","grouping","tower 2 (east - new)","l5 apartments","level 8 (prev. level 5)"
,,"L5 - Apartment 807","expanded","tower 2 (east - new)","l5 - apartment 807","l5 apartments","level 8 (prev. level 5)"
,,"L5 - Apartment 808","expanded","tower 2 (east - new)","l5 apartments","l5 - apartment 808","level 8 (prev. level 5)"
,,"L5 - Apartment 809","expanded","tower 2 (east - new)","l5 apartments","l5 - apartment 809","level 8 (prev. level 5)"
,,"L5 - Apartment 810","expanded","tower 2 (east - new)","l5 apartments","l5 - apartment 810","level 8 (prev. level 5)"
,,"L5 - Apartment 811","expanded","tower 2 (east - new)","l5 apartments","l5 - apartment 811","level 8 (prev. level 5)"
,,"L5 - Apartment 812","expanded","tower 2 (east - new)","l5 apartments","l5 - apartment 812","level 8 (prev. level 5)"
,,"Level 8 - Common Areas","grouping","tower 2 (east - new)","common areas","level 8 (prev. level 5)"
,,"Corridor","expanded","tower 2 (east - new)","corridor","common areas","level 8 (prev. level 5)"
,,"Stair","expanded","tower 2 (east - new)","stair","common areas","level 8 (prev. level 5)"
,,"Level 9 - L6 Apartments","grouping","tower 2 (east - new)","level 9 (prev. level 6)","l6 apartments"
,,"L6 - Apartment 906","expanded","tower 2 (east - new)","level 9 (prev. level 6)","l6 apartments","l6 - apartment 906"
,,"L6 - Apartment 907","expanded","tower 2 (east - new)","level 9 (prev. level 6)","l6 apartments","l6 - apartment 907"
,,"L6 - Apartment 908","expanded","tower 2 (east - new)","level 9 (prev. level 6)","l6 apartments","l6 - apartment 908"
,,"L6 - Apartment 909","expanded","tower 2 (east - new)","level 9 (prev. level 6)","l6 apartments","l6 - apartment 909"
,,"L6 - Apartment 910","expanded","tower 2 (east - new)","level 9 (prev. level 6)","l6 apartments","l6 - apartment 910"
,,"Level 9  - Common Areas","grouping","tower 2 (east - new)","level 9 (prev. level 6)","common areas"
,,"Corridor","expanded","tower 2 (east - new)","level 9 (prev. level 6)","corridor","common areas"
,,"Stair","expanded","tower 2 (east - new)","level 9 (prev. level 6)","stair","common areas"
,,"Level 10 - L7 Apartments","grouping","tower 2 (east - new)","level 10 (prev. level 7)","l7 apartments"
,,"L7 - Apartment 1006","expanded","tower 2 (east - new)","level 10 (prev. level 7)","l7 apartments","l7 - apartment 1006"
,,"L7 - Apartment 1007","expanded","tower 2 (east - new)","level 10 (prev. level 7)","l7 apartments","l7 - apartment 1007"
,,"L7 - Apartment 1008","expanded","tower 2 (east - new)","level 10 (prev. level 7)","l7 apartments","l7 - apartment 1008"
,,"L7 - Apartment 1009","expanded","tower 2 (east - new)","level 10 (prev. level 7)","l7 apartments","l7 - apartment 1009"
,,"L7 - Apartment 1010","expanded","tower 2 (east - new)","level 10 (prev. level 7)","l7 apartments","l7 - apartment 1010"
,,"Level 10  - Common Areas","grouping","tower 2 (east - new)","level 10 (prev. level 7)","common areas"
,,"Public Corridor/Lift Lobby","expanded","tower 2 (east - new)","level 10 (prev. level 7)","common areas","public corridor/lift lobby"
,,"Stair","expanded","tower 2 (east - new)","level 10 (prev. level 7)","stair","common areas"
,,"Level 11 - L8 Apartments","grouping","tower 2 (east - new)","l8 apartments","level 11 (prev. level 8)"
,,"L8 - Apartment 1106","expanded","tower 2 (east - new)","l8 apartments","l8 - apartment 1106","level 11 (prev. level 8)"
,,"L8 - Apartment 1107","expanded","tower 2 (east - new)","l8 apartments","l8 - apartment 1107","level 11 (prev. level 8)"
,,"L8 - Apartment 1108","expanded","tower 2 (east - new)","l8 apartments","l8 - apartment 1108","level 11 (prev. level 8)"
,,"L8 - Apartment 1109","expanded","tower 2 (east - new)","l8 - apartment 1109","l8 apartments","level 11 (prev. level 8)"
,,"L8 - Apartment 1110","expanded","tower 2 (east - new)","l8 apartments","l8 - apartment 1110","level 11 (prev. level 8)"
,,"Level 11 - L8 Common Areas","grouping","tower 2 (east - new)","l8 common areas","level 11 (prev. level 8)"
,,"Corridor","expanded","tower 2 (east - new)","corridor","l8 common areas","level 11 (prev. level 8)"
,,"Stair","expanded","tower 2 (east - new)","stair","l8 common areas","level 11 (prev. level 8)"
,,"Level 12 - L9 Apartments","grouping","tower 2 (east - new)","level 12 (prev. level 9)","l9 apartments"
,,"L9 - Apartment PH07","expanded","tower 2 (east - new)","level 12 (prev. level 9)","l9 apartments","l9 - apartment ph07"
,,"L9 - Apartment PH08","expanded","tower 2 (east - new)","l9 - apartment ph08","level 12 (prev. level 9)","l9 apartments"
,,"Level 12  - L9 Common Areas","grouping","tower 2 (east - new)","level 12 (prev. level 9)","l9 common areas"
,,"Corridor","expanded","tower 2 (east - new)","corridor","l9 common areas","level 12 (prev. level 9)"
,,"Stair","expanded","tower 2 (east - new)","stair","l9 common areas","level 12 (prev. level 9)"
,"Columns"
,,"Preline - Interior Framing Checklist",,"walls & ceiling preline checklist","interior framing checklist (including it)"
,,"Preline - Plumbing First Fix Walls & Ceilings",,"walls & ceiling preline checklist","plumbing first fix walls & ceilings"
,,"Preline - Fire Protection Walls & Ceilings",,"fire protection walls & ceilings (sprinklers & alarms)first fix","walls & ceiling preline checklist"
,,"Preline - Mechanical Services Wall & Ceilings",,"walls & ceiling preline checklist","mechanical services wall & ceilings first fix"
,,"Preline - Electrical Wall First Fix",,"electrical wall first fix (including data & security)","walls & ceiling preline checklist"
,,"Preline - Passive Fire Checklist",,"passive fire checklist","walls & ceiling preline checklist"
,,"Preline - Insulation Checklist Prior to Lining",,"walls & ceiling preline checklist","insulation checklist prior to lining"
,,"Preline - Preline Inspection Checklist",,"preline inspection checklist","walls & ceiling preline checklist"
,,"Preline - Preline Inspection Checklist",,"preline inspection checklist","walls & ceiling preline checklist"
,,"Preline - Ceiling Batten Installation",,"ceiling batten installation","walls & ceiling preline checklist"
,,"Lining - Gib Lining Checklist Ceilings",,"wall & ceiling lining checklist","gib lining checklist ceilings"
,,"Lining - Gib Stopping Checklist",,"wall & ceiling lining checklist","walls & ceilings gib stopping checklist"
,,"Lining - Postline Inspection Checklist",,"postline inspection checklist","wall & ceiling lining checklist"
,,"Lines & Trims - Finishing Lines Checklist",,"finishing lines checklist","doors / finishing lines & trims"
,,"Lines & Trims - Door Install Checklist",,"door install checklist","doors / finishing lines & trims"
,,"Painting Checklist",,"painting checklist"
,,"Services Second Fix - Electrical Final Fix Wall",,"services second fix","electrical final fix wall (including data & security)"
,,"Services Second Fix - Plumbing Final Fix Wall",,"services second fix","plumbing final fix wall"
,,"Services Second Fix - Mechanical Final Fix Walls",,"services second fix","mechanical final fix walls"
,,"Services Second Fix - Fire Sprinklers & Alarms Final Fix Walls",,"services second fix","fire sprinklers & alarms final fix walls"
,,"Services Second Fix - Wall & Ceiling Linings Check",,"wall & ceiling linings check","services second fix"
,,"Fitout / Finishing - General QA",,"fitout / finishing checklist","general qa"
,,"Fitout / Finishing - Kitchen Install QA",,"fitout / finishing checklist","kitchen install qa"
,,"Fitout / Finishing - Bathrooms",,"fitout / finishing checklist","bathrooms"
,,"Floors Checklist",,"floors checklist"
,,"Area Completion / Handover",,"area completion / handover"

"Townhouse Façade - Block 1 and Block 2"
,"Scope",,
,"Rows"
,,"Block 1 - Unit 431",,"facade","townhouses","unit 431","block 1"
,,"Block 1 - Unit 432",,"facade","townhouses","unit 432","block 1"
,,"Block 1 - Unit 433",,"facade","townhouses","unit 433","block 1"
,,"Block 1 - Unit 434",,"facade","townhouses","unit 434","block 1"
,,"Block 1 - Unit 435",,"facade","townhouses","block 1","unit 435"
,,"Block 1 - Lift / Lift Lobby",,"lift / lift lobby","facade","townhouses","block 1"
,,"Block 1 - Unit 436",,"facade","townhouses","block 1","unit 436"
,,"Block 1 - Unit 437",,"unit 437","facade","townhouses","block 1"
,,"Block 1 - Unit 438",,"unit 438","facade","townhouses","block 1"
,,"Block 1 - Unit 439",,"facade","townhouses","unit 439","block 1"
,,"Block 1 - Unit 440",,"unit 440","facade","townhouses","block 1"
,,"Block 1 - Unit 441",,"unit 441","facade","townhouses","block 1"
,,"Block 1 - Unit 442",,"facade","townhouses","unit 442","block 1"
,,"Block 2 - Unit 420",,"facade","townhouses","unit 420","block 2"
,,"Block 2 - Unit 421",,"facade","townhouses","unit 421","block 2"
,,"Block 2 - Unit 422",,"facade","townhouses","unit 422","block 2"
,,"Block 2 - Unit 423",,"facade","townhouses","unit 423","block 2"
,,"Block 2 - Unit 424",,"facade","townhouses","block 2","unit 424"
,,"Block 2 - Unit 425",,"facade","townhouses","unit 425","block 2"
,,"Block 2 - Unit 426",,"unit 426","facade","townhouses","block 2"
,,"Block 2 - Unit 427",,"unit 427","facade","townhouses","block 2"
,,"Block 2 - Unit 428",,"facade","townhouses","unit 428","block 2"
,,"Block 2 - Unit 429",,"facade","townhouses","unit 429","block 2"
,,"Block 2 - Unit 430",,"unit 430","facade","townhouses","block 2"
,"Columns"
,,"TH-Timber Frame",,"th-timber frame"
,,"TH-Cavity System - RAB",,"th-cavity system- townhouse","rab"
,,"TH-Cavity System - Building Wrap & Flashing Tape",,"th-cavity system- townhouse","building wrap & flashing tape installed"
,,"TH-Cavity System - Cavity Batten",,"th-cavity system- townhouse","cavity batten"
,,"TH-Cavity System - Cavity Flashings",,"th-cavity system- townhouse","cavity flashings"
,,"TH-Window & Doors - Seismic Frames Install",,"th-window & doors","seismic frames install"
,,"TH-Window & Doors - Window Frames Installed",,"th-window & doors","window frames installed"
,,"TH-Window & Doors - Flashings",,"th-window & doors","flashings"
,,"TH-Window & Doors - Final Inspection/Sign Off",,"th-window & doors","final inspection/sign off"
,,"TH-Claddings - Axon Panel",,"axon panel","th-claddings"
,,"TH-Claddings - Espan 340 cladding",,"th-claddings","espan 340 cladding"
,,"TH-Exterior Balustrades - Metro Glazed Balustrades",,"th-exterior balustrades","metro glazed balustrades"
,,"TH-Exterior Balustrades - Fabworx Balustrades",,"th-exterior balustrades","fabworx balustrades"
,,"TH -Soffits - Soffit Install - Level 1 & 2",,"soffit install - level 1 & 2","th -soffits"
,,"TH -Soffit - Soffit Painting",,"th -soffits","soffit painting"
,,"TH- Exterior Balconies",,"th- exterior balconies"
,,"TH-Roof - Metal Roof",,"metal roof","th-roof"
,,"TH-Roof - Gutters Installed and complete",,"gutters installed and complete","th-roof"
,,"TH-Roof - Downpipes",,"th-roof","downpipes"
,,"TH-Roof - Membrane Installation",,"membrane installation","th-roof"
,,"TH-Roof - Final Roof Membrane sign off checklist",,"final roof membrane sign off checklist","th-roof"
,,"TH-Facade Completion",,"th-facade completion"

"Townhouse Fitout - Block 1 and Block 2"
,"Scope",,
,"Rows"
,,"Block 1 - Unit 431",,"fitout","townhouses","unit 431","block 1"
,,"Block 1 - Unit 432",,"fitout","townhouses","unit 432","block 1"
,,"Block 1 - Unit 433",,"fitout","townhouses","unit 433","block 1"
,,"Block 1 - Unit 434",,"fitout","townhouses","unit 434","block 1"
,,"Block 1 - Unit 435",,"fitout","townhouses","block 1","unit 435"
,,"Block 1 - Lift / Lift Lobby",,"lift / lift lobby","fitout","townhouses","block 1"
,,"Block 1 - Unit 436",,"fitout","townhouses","block 1","unit 436"
,,"Block 1 - Unit 437",,"unit 437","fitout","townhouses","block 1"
,,"Block 1 - Unit 438",,"unit 438","fitout","townhouses","block 1"
,,"Block 1 - Unit 439",,"fitout","townhouses","unit 439","block 1"
,,"Block 1 - Unit 440",,"unit 440","fitout","townhouses","block 1"
,,"Block 1 - Unit 441",,"unit 441","fitout","townhouses","block 1"
,,"Block 1 - Unit 442",,"fitout","townhouses","unit 442","block 1"
,,"Block 2 - Unit 420",,"fitout","townhouses","unit 420","block 2"
,,"Block 2 - Unit 421",,"fitout","townhouses","unit 421","block 2"
,,"Block 2 - Unit 422",,"fitout","townhouses","unit 422","block 2"
,,"Block 2 - Unit 423",,"fitout","townhouses","unit 423","block 2"
,,"Block 2 - Unit 424",,"fitout","townhouses","block 2","unit 424"
,,"Block 2 - Unit 425",,"fitout","townhouses","unit 425","block 2"
,,"Block 2 - Unit 426",,"unit 426","fitout","townhouses","block 2"
,,"Block 2 - Unit 427",,"unit 427","fitout","townhouses","block 2"
,,"Block 2 - Unit 428",,"fitout","townhouses","unit 428","block 2"
,,"Block 2 - Unit 429",,"fitout","townhouses","unit 429","block 2"
,,"Block 2 - Unit 430",,"unit 430","fitout","townhouses","block 2"
,"Columns"
,,"Preline - Interior Framing Checklist",,"walls & ceiling preline checklist","interior framing checklist (including it)"
,,"Preline - Plumbing First Fix Walls & Ceilings",,"walls & ceiling preline checklist","plumbing first fix walls & ceilings"
,,"Preline - Fire Protection Walls & Ceilings",,"fire protection walls & ceilings (sprinklers & alarms)first fix","walls & ceiling preline checklist"
,,"Preline - Mechanical Services Wall & Ceilings",,"walls & ceiling preline checklist","mechanical services wall & ceilings first fix"
,,"Preline - Electrical Wall First Fix",,"electrical wall first fix (including data & security)","walls & ceiling preline checklist"
,,"Preline - Passive Fire Checklist",,"passive fire checklist","walls & ceiling preline checklist"
,,"Preline - Insulation Checklist Prior to Lining",,"walls & ceiling preline checklist","insulation checklist prior to lining"
,,"Preline - Preline Inspection Checklist",,"preline inspection checklist","walls & ceiling preline checklist"
,,"Preline - Ceiling Batten Installation",,"ceiling batten installation","walls & ceiling preline checklist"
,,"Lining - Gib Lining Checklist Ceilings",,"wall & ceiling lining checklist","gib lining checklist ceilings"
,,"Lining - Walls & Ceilings Gib Stopping",,"wall & ceiling lining checklist","walls & ceilings gib stopping checklist"
,,"Lining - Postline Inspection",,"postline inspection checklist","wall & ceiling lining checklist"
,,"Lines & Trims - Finishing Lines",,"finishing lines checklist","doors /finishing lines & trims checklist"
,,"Lines & Trims - Door Install",,"door install checklist","doors /finishing lines & trims checklist"
,,"Painting Checklist",,"painting checklist"
,,"Joinery & Bathrooms - Kitchen Install QA",,"kitchen install qa","joinery & bathrooms"
,,"Joinery & Bathrooms - Bathrooms",,"bathrooms","joinery & bathrooms"
,,"Services Second Fix",,"services second fix"
,,"Fitout / Finishing",,"fitout / finishing checklist","fitout / finishing"
,,"Fitout / Finishing - Wall Linings Check",,"fitout / finishing checklist","wall linings check"

